CHROM,POS,ID,REF,ALT,QUAL,FILTER,INFO,FORMAT,ieu-b-5067
1,10177,rs1264289758,AC,A,.,PASS,AF=0.601092,ES:SE:LP:AF:ID,-3.6135e-05:0.000138124:0.107905:0.601092:rs1264289758
1,10352,rs1557426776,TA,T,.,PASS,AF=0.606764,ES:SE:LP:AF:ID,-7.79252e-05:0.000142162:0.244125:0.606764:rs1557426776
1,11008,rs575272151,C,G,.,PASS,AF=0.086225,ES:SE:LP:AF:ID,0.000180538:0.000236391:0.346787:0.086225:rs575272151
1,11012,rs544419019,C,G,.,PASS,AF=0.086225,ES:SE:LP:AF:ID,0.000180538:0.000236391:0.346787:0.086225:rs544419019
1,13110,rs540538026,G,A,.,PASS,AF=0.058685,ES:SE:LP:AF:ID,-0.00014794:0.000314447:0.200659:0.058685:rs540538026
1,13116,rs62635286,T,G,.,PASS,AF=0.189177,ES:SE:LP:AF:ID,0.000190051:0.000186081:0.508638:0.189177:rs62635286
1,13118,rs62028691,A,G,.,PASS,AF=0.189177,ES:SE:LP:AF:ID,0.000190051:0.000186081:0.508638:0.189177:rs62028691
1,13273,rs531730856,G,C,.,PASS,AF=0.134135,ES:SE:LP:AF:ID,0.000208846:0.000217749:0.468521:0.134135:rs531730856
1,14464,rs546169444,A,T,.,PASS,AF=0.156897,ES:SE:LP:AF:ID,-5.00883e-05:0.000198362:0.091515:0.156897:rs546169444
1,14599,rs707680,T,A,.,PASS,AF=0.191556,ES:SE:LP:AF:ID,7.63072e-05:0.000180466:0.173925:0.191556:rs707680
1,14604,rs1418508701,A,G,.,PASS,AF=0.191556,ES:SE:LP:AF:ID,7.63072e-05:0.000180466:0.173925:0.191556:rs1418508701
1,14930,rs6682385,A,G,.,PASS,AF=0.473818,ES:SE:LP:AF:ID,3.65473e-05:0.00014003:0.102373:0.473818:rs6682385
1,14933,rs199856693,G,A,.,PASS,AF=0.045079,ES:SE:LP:AF:ID,0.000187699:0.000344219:0.229148:0.045079:rs199856693
1,15211,rs3982632,T,G,.,PASS,AF=0.741354,ES:SE:LP:AF:ID,5.75894e-05:0.000161922:0.130768:0.741354:rs3982632
1,15820,rs1316988498,G,T,.,PASS,AF=0.275123,ES:SE:LP:AF:ID,-0.000283168:0.000166086:1.05061:0.275123:rs1316988498
1,15903,rs557514207,GC,G,.,PASS,AF=0.581159,ES:SE:LP:AF:ID,0.000125366:0.000136946:0.443698:0.581159:rs557514207
1,28590,rs1344649620,T,TTGG,.,PASS,AF=0.956571,ES:SE:LP:AF:ID,-0.000228295:0.000389946:0.251812:0.956571:rs1344649620
1,30923,rs1165072081,G,T,.,PASS,AF=0.910221,ES:SE:LP:AF:ID,0.000108586:0.000258524:0.161151:0.910221:rs1165072081
1,47159,rs540662756,T,C,.,PASS,AF=0.062712,ES:SE:LP:AF:ID,-0.000313337:0.000295161:0.522879:0.062712:rs540662756
1,49298,rs10399793,T,C,.,PASS,AF=0.623767,ES:SE:LP:AF:ID,2.53493e-05:0.000164244:0.0555173:0.623767:rs10399793
1,49554,rs539322794,A,G,.,PASS,AF=0.092954,ES:SE:LP:AF:ID,3.48594e-05:0.000252818:0.05061:0.092954:rs539322794
1,51479,rs116400033,T,A,.,PASS,AF=0.21326,ES:SE:LP:AF:ID,0.000122702:0.000175754:0.309804:0.21326:rs116400033
1,54490,rs141149254,G,A,.,PASS,AF=0.154391,ES:SE:LP:AF:ID,0.000141327:0.000197455:0.327902:0.154391:rs141149254
1,54676,rs2462492,C,T,.,PASS,AF=0.400395,ES:SE:LP:AF:ID,-0.000176717:0.000162731:0.568636:0.400395:rs2462492
1,54712,rs573184866,TTTTC,T,.,PASS,AF=0.414731,ES:SE:LP:AF:ID,-0.000196449:0.000128705:0.920819:0.414731:rs573184866
1,54716,rs1166278911,C,T,.,PASS,AF=0.41737,ES:SE:LP:AF:ID,-0.000118042:0.000148614:0.366532:0.41737:rs1166278911
1,55545,rs28396308,C,T,.,PASS,AF=0.253776,ES:SE:LP:AF:ID,9.31796e-05:0.000167186:0.244125:0.253776:rs28396308
1,58814,rs114420996,G,A,.,PASS,AF=0.089998,ES:SE:LP:AF:ID,7.06424e-05:0.000254835:0.102373:0.089998:rs114420996
1,59040,rs62637815,T,C,.,PASS,AF=0.088788,ES:SE:LP:AF:ID,-2.85862e-05:0.000255873:0.0409586:0.088788:rs62637815
1,60351,rs62637817,A,G,.,PASS,AF=0.080983,ES:SE:LP:AF:ID,-1.93746e-05:0.000265367:0.0315171:0.080983:rs62637817
1,62777,rs3844233,A,T,.,PASS,AF=0.438272,ES:SE:LP:AF:ID,0.000297073:0.000141262:1.4437:0.438272:rs3844233
1,63268,rs28664618,T,C,.,PASS,AF=0.382184,ES:SE:LP:AF:ID,-3.81159e-05:0.000151846:0.091515:0.382184:rs28664618
1,63671,rs80011619,G,A,.,PASS,AF=0.158758,ES:SE:LP:AF:ID,-0.000139738:0.000193389:0.327902:0.158758:rs80011619
1,63735,rs61158452,C,CCTA,.,PASS,AF=0.684027,ES:SE:LP:AF:ID,0.000118379:0.000150592:0.366532:0.684027:rs61158452
1,64931,rs62639104,G,A,.,PASS,AF=0.079579,ES:SE:LP:AF:ID,-5.78159e-05:0.00026864:0.0861861:0.079579:rs62639104
1,68082,rs367789441,T,C,.,PASS,AF=0.070781,ES:SE:LP:AF:ID,-0.00011906:0.000271993:0.180456:0.070781:rs367789441
1,69428,rs140739101,T,G,.,PASS,AF=0.032919,ES:SE:LP:AF:ID,-9.2192e-05:0.000411557:0.0861861:0.032919:rs140739101
1,69761,rs200505207,A,T,.,PASS,AF=0.073875,ES:SE:LP:AF:ID,-4.50863e-06:0.000267729:0.00877392:0.073875:rs200505207
1,69897,rs200676709,T,C,.,PASS,AF=0.751221,ES:SE:LP:AF:ID,4.04069e-05:0.000170609:0.0861861:0.751221:rs200676709
1,74790,rs13328700,C,G,.,PASS,AF=0.034093,ES:SE:LP:AF:ID,0.000484739:0.00039105:0.657577:0.034093:rs13328700
1,74792,rs1335672253,G,A,.,PASS,AF=0.034093,ES:SE:LP:AF:ID,0.000484739:0.00039105:0.657577:0.034093:rs1335672253
1,76838,rs563953605,T,G,.,PASS,AF=0.077135,ES:SE:LP:AF:ID,-7.06748e-05:0.00027376:0.102373:0.077135:rs563953605
1,76854,rs367666799,A,G,.,PASS,AF=0.077503,ES:SE:LP:AF:ID,-0.000343308:0.000264035:0.69897:0.077503:rs367666799
1,77866,rs563593912,C,T,.,PASS,AF=0.07694,ES:SE:LP:AF:ID,-7.10739e-05:0.000273827:0.102373:0.07694:rs563593912
1,77874,rs62641297,G,A,.,PASS,AF=0.07694,ES:SE:LP:AF:ID,-7.10739e-05:0.000273827:0.102373:0.07694:rs62641297
1,81260,rs571136476,C,T,.,PASS,AF=0.041463,ES:SE:LP:AF:ID,-0.000184602:0.000381781:0.207608:0.041463:rs571136476
1,81587,rs536406113,C,T,.,PASS,AF=0.060944,ES:SE:LP:AF:ID,-0.000148861:0.000289892:0.221849:0.060944:rs536406113
1,82163,rs139113303,G,A,.,PASS,AF=0.075448,ES:SE:LP:AF:ID,-0.000316781:0.000267443:0.619789:0.075448:rs139113303
1,82609,rs149189449,C,G,.,PASS,AF=0.075475,ES:SE:LP:AF:ID,-0.000322451:0.000267384:0.619789:0.075475:rs149189449
1,83514,rs201754587,C,T,.,PASS,AF=0.352797,ES:SE:LP:AF:ID,-4.97383e-05:0.000152917:0.130768:0.352797:rs201754587
1,86028,rs114608975,T,C,.,PASS,AF=0.103555,ES:SE:LP:AF:ID,-0.000266341:0.000260193:0.508638:0.103555:rs114608975
1,86065,rs116504101,G,C,.,PASS,AF=0.076133,ES:SE:LP:AF:ID,-0.00032781:0.000268169:0.638272:0.076133:rs116504101
1,86331,rs115209712,A,G,.,PASS,AF=0.109642,ES:SE:LP:AF:ID,3.62685e-05:0.000235782:0.0555173:0.109642:rs115209712
1,87409,rs139490478,C,T,.,PASS,AF=0.076729,ES:SE:LP:AF:ID,-0.000315814:0.0002673:0.60206:0.076729:rs139490478
1,88169,rs940550,C,T,.,PASS,AF=0.208348,ES:SE:LP:AF:ID,0.000194131:0.000173836:0.585027:0.208348:rs940550
1,88172,rs940551,G,A,.,PASS,AF=0.071686,ES:SE:LP:AF:ID,-1.88125e-06:0.000270589:0.00436481:0.071686:rs940551
1,88177,rs143215837,G,C,.,PASS,AF=0.070041,ES:SE:LP:AF:ID,-1.63825e-05:0.000273671:0.0222764:0.070041:rs143215837
1,88316,rs113759966,G,A,.,PASS,AF=0.070337,ES:SE:LP:AF:ID,-6.43955e-05:0.000275046:0.091515:0.070337:rs113759966
1,88338,rs55700207,G,A,.,PASS,AF=0.080036,ES:SE:LP:AF:ID,0.000152627:0.00026946:0.244125:0.080036:rs55700207
1,88710,rs186575039,C,G,.,PASS,AF=0.076694,ES:SE:LP:AF:ID,-0.00031434:0.000267306:0.60206:0.076694:rs186575039
1,89599,rs375955515,A,T,.,PASS,AF=0.076694,ES:SE:LP:AF:ID,-0.00031434:0.000267306:0.60206:0.076694:rs375955515
1,89946,rs138808727,A,T,.,PASS,AF=0.214523,ES:SE:LP:AF:ID,0.000104563:0.000178839:0.244125:0.214523:rs138808727
1,91190,rs143856811,G,A,.,PASS,AF=0.078506,ES:SE:LP:AF:ID,-0.000360928:0.000262165:0.769551:0.078506:rs143856811
1,91515,rs376723915,A,C,.,PASS,AF=0.558712,ES:SE:LP:AF:ID,-1.60906e-05:0.000144802:0.0409586:0.558712:rs376723915
1,91536,rs1251109649,G,T,.,PASS,AF=0.456842,ES:SE:LP:AF:ID,1.93093e-05:0.000160214:0.0409586:0.456842:rs1251109649
1,91581,rs1524604,G,A,.,PASS,AF=0.557461,ES:SE:LP:AF:ID,-1.66668e-05:0.000144734:0.0457575:0.557461:rs1524604
1,92858,rs147061536,G,T,.,PASS,AF=0.225671,ES:SE:LP:AF:ID,8.63098e-05:0.000174282:0.207608:0.225671:rs147061536
1,95440,rs544194668,C,G,.,PASS,AF=0.105454,ES:SE:LP:AF:ID,1.55443e-06:0.000241677:0.00436481:0.105454:rs544194668
1,99687,rs139153227,C,T,.,PASS,AF=0.062058,ES:SE:LP:AF:ID,1.66342e-05:0.000287666:0.0177288:0.062058:rs139153227
1,100858,rs4120676,T,C,.,PASS,AF=0.042733,ES:SE:LP:AF:ID,-0.000166217:0.000364526:0.180456:0.042733:rs4120676
1,104186,rs1491015965,T,C,.,PASS,AF=0.66253,ES:SE:LP:AF:ID,-3.50867e-05:0.000144634:0.09691:0.66253:rs1491015965
1,104281,rs576842010,T,C,.,PASS,AF=0.042541,ES:SE:LP:AF:ID,3.99489e-05:0.000343757:0.0409586:0.042541:rs576842010
1,108030,rs550285297,G,T,.,PASS,AF=0.050997,ES:SE:LP:AF:ID,-0.000395815:0.000332807:0.619789:0.050997:rs550285297
1,115746,rs147538909,C,T,.,PASS,AF=0.050675,ES:SE:LP:AF:ID,-0.000389501:0.000333213:0.60206:0.050675:rs147538909
1,122872,rs62642125,T,G,.,PASS,AF=0.216584,ES:SE:LP:AF:ID,-7.54192e-05:0.000173427:0.173925:0.216584:rs62642125
1,125271,rs3871807,C,T,.,PASS,AF=0.961472,ES:SE:LP:AF:ID,0.000313303:0.000339684:0.443698:0.961472:rs3871807
1,129010,rs377161483,A,AATG,.,PASS,AF=0.427043,ES:SE:LP:AF:ID,5.29325e-05:0.000141495:0.148742:0.427043:rs377161483
1,135203,rs147502335,G,A,.,PASS,AF=0.049949,ES:SE:LP:AF:ID,-0.000371262:0.000330178:0.585027:0.049949:rs147502335
1,138593,rs375595668,G,T,.,PASS,AF=0.075699,ES:SE:LP:AF:ID,-0.000140055:0.000277762:0.207608:0.075699:rs375595668
1,158006,rs1299430437,A,T,.,PASS,AF=0.275258,ES:SE:LP:AF:ID,-0.000122285:0.000163724:0.337242:0.275258:rs1299430437
1,173052,rs564576411,C,A,.,PASS,AF=0.090361,ES:SE:LP:AF:ID,-0.000132515:0.00025192:0.221849:0.090361:rs564576411
1,232449,rs144169752,G,A,.,PASS,AF=0.124888,ES:SE:LP:AF:ID,-0.000348597:0.000223239:0.920819:0.124888:rs144169752
1,233473,rs112455420,C,G,.,PASS,AF=0.144907,ES:SE:LP:AF:ID,3.05027e-05:0.000207937:0.0604807:0.144907:rs112455420
1,234313,rs8179466,C,T,.,PASS,AF=0.074507,ES:SE:LP:AF:ID,-0.000396073:0.000315876:0.677781:0.074507:rs8179466
1,249275,rs200079338,GT,G,.,PASS,AF=0.892182,ES:SE:LP:AF:ID,0.000191236:0.000224637:0.39794:0.892182:rs200079338
1,251627,rs72502741,A,AC,.,PASS,AF=0.836682,ES:SE:LP:AF:ID,0.000126237:0.000197544:0.275724:0.836682:rs72502741
1,251663,rs79571896,C,G,.,PASS,AF=0.168232,ES:SE:LP:AF:ID,-0.000125692:0.000195415:0.275724:0.168232:rs79571896
1,255633,rs375136935,A,G,.,PASS,AF=0.067592,ES:SE:LP:AF:ID,2.30519e-05:0.000295275:0.0222764:0.067592:rs375136935
1,255923,rs9728566,G,GTC,.,PASS,AF=0.120976,ES:SE:LP:AF:ID,-1.13599e-05:0.000216275:0.0177288:0.120976:rs9728566
1,256023,rs554693544,A,G,.,PASS,AF=0.040053,ES:SE:LP:AF:ID,-7.58371e-06:0.000351618:0.00877392:0.040053:rs554693544
1,256498,rs369556846,A,G,.,PASS,AF=0.105261,ES:SE:LP:AF:ID,-0.000253031:0.000243074:0.537602:0.105261:rs369556846
1,362905,rs182870673,T,G,.,PASS,AF=0.054026,ES:SE:LP:AF:ID,1.87033e-05:0.00031732:0.0177288:0.054026:rs182870673
1,521578,rs368130516,G,A,.,PASS,AF=0.042701,ES:SE:LP:AF:ID,-0.00017733:0.000371202:0.207608:0.042701:rs368130516
1,526840,rs60396226,T,C,.,PASS,AF=0.073125,ES:SE:LP:AF:ID,0.000157746:0.000280292:0.244125:0.073125:rs60396226
1,529782,rs144425991,C,T,.,PASS,AF=0.05635,ES:SE:LP:AF:ID,-0.000143131:0.000317136:0.180456:0.05635:rs144425991
1,533197,rs1557498752,A,G,.,PASS,AF=0.055749,ES:SE:LP:AF:ID,0.000327888:0.000337056:0.49485:0.055749:rs1557498752
1,534192,rs6680723,C,T,.,PASS,AF=0.240961,ES:SE:LP:AF:ID,0.000266429:0.000183009:0.853872:0.240961:rs6680723
1,535959,rs202206030,G,A,.,PASS,AF=0.049091,ES:SE:LP:AF:ID,8.38482e-05:0.000336138:0.09691:0.049091:rs202206030
1,536095,rs189259765,C,T,.,PASS,AF=0.269045,ES:SE:LP:AF:ID,0.000119347:0.000147467:0.387216:0.269045:rs189259765
1,536816,rs373360530,C,T,.,PASS,AF=0.079472,ES:SE:LP:AF:ID,0.000209545:0.000262061:0.376751:0.079472:rs373360530
1,546647,rs375803869,G,A,.,PASS,AF=0.086953,ES:SE:LP:AF:ID,-8.03162e-05:0.000263648:0.113509:0.086953:rs375803869
1,546648,rs556186494,C,T,.,PASS,AF=0.036372,ES:SE:LP:AF:ID,-0.000152395:0.000397805:0.148742:0.036372:rs556186494
1,546697,rs12025928,A,G,.,PASS,AF=0.913472,ES:SE:LP:AF:ID,0.000282732:0.000228334:0.677781:0.913472:rs12025928
1,546802,rs113633859,G,C,.,PASS,AF=0.299582,ES:SE:LP:AF:ID,6.55315e-05:0.0001479:0.180456:0.299582:rs113633859
1,546805,rs772345152,T,C,.,PASS,AF=0.233036,ES:SE:LP:AF:ID,0.000135319:0.000159814:0.387216:0.233036:rs772345152
1,559480,rs75234795,C,T,.,PASS,AF=0.047923,ES:SE:LP:AF:ID,0.000423759:0.000339935:0.657577:0.047923:rs75234795
1,564598,rs6594028,A,G,.,PASS,AF=0.104163,ES:SE:LP:AF:ID,0.000112097:0.000225613:0.21467:0.104163:rs6594028
1,565006,rs386627398,T,C,.,PASS,AF=0.343569,ES:SE:LP:AF:ID,9.74373e-05:0.000144341:0.30103:0.343569:rs386627398
1,565286,rs1578391,C,T,.,PASS,AF=0.519316,ES:SE:LP:AF:ID,0.000130698:0.000137851:0.468521:0.519316:rs1578391
1,565406,rs6594029,C,T,.,PASS,AF=0.38227,ES:SE:LP:AF:ID,0.000220808:0.000139185:0.958607:0.38227:rs6594029
1,565464,rs6594030,T,C,.,PASS,AF=0.061332,ES:SE:LP:AF:ID,2.51166e-05:0.000301395:0.0362122:0.061332:rs6594030
1,565508,rs9283150,G,A,.,PASS,AF=0.05246,ES:SE:LP:AF:ID,8.10104e-05:0.000326026:0.102373:0.05246:rs9283150
1,565541,rs6594031,A,G,.,PASS,AF=0.071825,ES:SE:LP:AF:ID,0.000172969:0.000274806:0.283997:0.071825:rs6594031
1,565591,rs7416152,C,T,.,PASS,AF=0.227297,ES:SE:LP:AF:ID,1.70032e-05:0.000168889:0.0362122:0.227297:rs7416152
1,565697,rs3021087,A,G,.,PASS,AF=0.246269,ES:SE:LP:AF:ID,6.42573e-05:0.000161646:0.161151:0.246269:rs3021087
1,565742,rs535902969,A,C,.,PASS,AF=0.064004,ES:SE:LP:AF:ID,0.000423737:0.000279515:0.886057:0.064004:rs535902969
1,565935,rs55973403,C,T,.,PASS,AF=0.045267,ES:SE:LP:AF:ID,-0.00029923:0.000343356:0.408935:0.045267:rs55973403
1,566130,rs879996973,C,T,.,PASS,AF=0.193279,ES:SE:LP:AF:ID,0.000337638:0.000176921:1.23657:0.193279:rs879996973
1,566573,rs1856866,A,G,.,PASS,AF=0.335115,ES:SE:LP:AF:ID,4.8181e-05:0.000143087:0.136677:0.335115:rs1856866
1,566870,rs528621909,T,C,.,PASS,AF=0.034636,ES:SE:LP:AF:ID,-0.000558192:0.000399769:0.79588:0.034636:rs528621909
1,567696,rs367588992,C,T,.,PASS,AF=0.033492,ES:SE:LP:AF:ID,-0.000380857:0.00042608:0.420216:0.033492:rs367588992
1,567697,rs1972379,G,A,.,PASS,AF=0.139512,ES:SE:LP:AF:ID,0.000254253:0.000198669:0.69897:0.139512:rs1972379
1,567767,rs368638493,G,A,.,PASS,AF=0.041438,ES:SE:LP:AF:ID,-0.000155395:0.000354663:0.180456:0.041438:rs368638493
1,567807,rs2853819,T,C,.,PASS,AF=0.196632,ES:SE:LP:AF:ID,0.000271488:0.000162416:1.02228:0.196632:rs2853819
1,568024,rs61769294,A,G,.,PASS,AF=0.06098,ES:SE:LP:AF:ID,-0.000151165:0.000309908:0.200659:0.06098:rs61769294
1,568214,rs373437560,C,T,.,PASS,AF=0.097151,ES:SE:LP:AF:ID,0.000170172:0.000240751:0.309804:0.097151:rs373437560
1,568256,rs4098612,C,T,.,PASS,AF=0.162574,ES:SE:LP:AF:ID,0.000547113:0.000183226:2.55284:0.162574:rs4098612
1,568308,rs568242848,G,A,.,PASS,AF=0.043033,ES:SE:LP:AF:ID,-0.000148455:0.000371936:0.154902:0.043033:rs568242848
1,568412,rs377573539,T,C,.,PASS,AF=0.137449,ES:SE:LP:AF:ID,6.09766e-05:0.000212339:0.113509:0.137449:rs377573539
1,568451,rs78032279,C,T,.,PASS,AF=0.136627,ES:SE:LP:AF:ID,7.79293e-05:0.00021288:0.148742:0.136627:rs78032279
1,568631,rs76167418,C,T,.,PASS,AF=0.137616,ES:SE:LP:AF:ID,2.27981e-05:0.000211536:0.0409586:0.137616:rs76167418
1,568644,rs78639846,T,C,.,PASS,AF=0.13761,ES:SE:LP:AF:ID,2.27649e-05:0.00021154:0.0409586:0.13761:rs78639846
1,568670,rs75654607,T,C,.,PASS,AF=0.134345,ES:SE:LP:AF:ID,-1.21181e-05:0.000213333:0.0177288:0.134345:rs75654607
1,568709,rs148329687,A,G,.,PASS,AF=0.131573,ES:SE:LP:AF:ID,1.45948e-05:0.000215298:0.0268721:0.131573:rs148329687
1,568823,rs1464070051,C,T,.,PASS,AF=0.035873,ES:SE:LP:AF:ID,-3.22409e-05:0.000401986:0.0315171:0.035873:rs1464070051
1,568824,rs1464070051,C,T,.,PASS,AF=0.035873,ES:SE:LP:AF:ID,-3.22409e-05:0.000401986:0.0315171:0.035873:rs1464070051
1,569094,rs9283154,A,G,.,PASS,AF=0.413266,ES:SE:LP:AF:ID,0.000187743:0.000138059:0.744727:0.413266:rs9283154
1,569226,rs6594032,C,A,.,PASS,AF=0.362499,ES:SE:LP:AF:ID,8.99646e-05:0.000142318:0.275724:0.362499:rs6594032
1,569250,rs149524355,G,A,.,PASS,AF=0.143252,ES:SE:LP:AF:ID,-7.33358e-05:0.00020713:0.142668:0.143252:rs149524355
1,569267,rs6650105,G,A,.,PASS,AF=0.284687,ES:SE:LP:AF:ID,-6.31197e-05:0.000158027:0.154902:0.284687:rs6650105
1,569933,rs368347679,G,A,.,PASS,AF=0.092803,ES:SE:LP:AF:ID,0.000191781:0.000244564:0.356547:0.092803:rs368347679
1,570638,rs368120791,T,C,.,PASS,AF=0.075282,ES:SE:LP:AF:ID,-5.85487e-05:0.000267516:0.0861861:0.075282:rs368120791
1,574151,rs1392338005,A,T,.,PASS,AF=0.051191,ES:SE:LP:AF:ID,-0.000490269:0.000328227:0.853872:0.051191:rs1392338005
1,583483,rs577801075,C,A,.,PASS,AF=0.925773,ES:SE:LP:AF:ID,5.22597e-05:0.00027663:0.0705811:0.925773:rs577801075
1,618386,rs202025951,T,C,.,PASS,AF=0.069881,ES:SE:LP:AF:ID,0.000345113:0.000253288:0.769551:0.069881:rs202025951
1,636285,rs545945172,T,C,.,PASS,AF=0.096076,ES:SE:LP:AF:ID,0.000188224:0.000183402:0.522879:0.096076:rs545945172
1,645605,rs185127847,T,A,.,PASS,AF=0.047567,ES:SE:LP:AF:ID,-0.000516039:0.000342533:0.886057:0.047567:rs185127847
1,649192,rs201942322,A,T,.,PASS,AF=0.117539,ES:SE:LP:AF:ID,0.000119509:0.00016552:0.327902:0.117539:rs201942322
1,662414,rs371628865,C,T,.,PASS,AF=0.135346,ES:SE:LP:AF:ID,9.90251e-05:0.000162295:0.267606:0.135346:rs371628865
1,662622,rs61769339,G,A,.,PASS,AF=0.110692,ES:SE:LP:AF:ID,9.59169e-05:0.000166035:0.251812:0.110692:rs61769339
1,665266,rs539032812,T,C,.,PASS,AF=0.018852,ES:SE:LP:AF:ID,0.000136703:0.000414512:0.130768:0.018852:rs539032812
1,669590,rs78732431,G,T,.,PASS,AF=0.064625,ES:SE:LP:AF:ID,2.21373e-05:0.000288587:0.0222764:0.064625:rs78732431
1,672330,rs530588710,G,C,.,PASS,AF=0.107133,ES:SE:LP:AF:ID,0.000117267:0.00025067:0.187087:0.107133:rs530588710
1,676118,rs146067153,C,T,.,PASS,AF=0.084293,ES:SE:LP:AF:ID,-0.000158506:0.000239132:0.30103:0.084293:rs146067153
1,691544,rs201222573,T,A,.,PASS,AF=0.630563,ES:SE:LP:AF:ID,-8.9516e-05:0.000128811:0.309804:0.630563:rs201222573
1,692794,rs530212009,C,CA,.,PASS,AF=0.888322,ES:SE:LP:AF:ID,-0.000275945:0.000162146:1.05061:0.888322:rs530212009
1,693625,rs190214723,T,C,.,PASS,AF=0.049246,ES:SE:LP:AF:ID,-4.3934e-05:0.000321833:0.0604807:0.049246:rs190214723
1,693731,rs12238997,A,G,.,PASS,AF=0.116326,ES:SE:LP:AF:ID,0.000167698:0.000153418:0.568636:0.116326:rs12238997
1,693823,rs61769351,G,C,.,PASS,AF=0.112197,ES:SE:LP:AF:ID,8.98454e-05:0.000165144:0.229148:0.112197:rs61769351
1,701779,rs201234755,G,GAATA,.,PASS,AF=0.928732,ES:SE:LP:AF:ID,2.57253e-05:0.000250259:0.0362122:0.928732:rs201234755
1,701835,rs189800799,T,C,.,PASS,AF=0.03257,ES:SE:LP:AF:ID,0.000323143:0.000315947:0.49485:0.03257:rs189800799
1,704637,rs142559957,G,A,.,PASS,AF=0.050693,ES:SE:LP:AF:ID,0.000204728:0.000303051:0.30103:0.050693:rs142559957
1,705882,rs72631875,G,A,.,PASS,AF=0.067291,ES:SE:LP:AF:ID,-0.000105701:0.000224777:0.200659:0.067291:rs72631875
1,706330,rs1313000006,AG,A,.,PASS,AF=0.934823,ES:SE:LP:AF:ID,-0.000127892:0.000261207:0.200659:0.934823:rs1313000006
1,706368,rs963699400,A,G,.,PASS,AF=0.515637,ES:SE:LP:AF:ID,-0.00012499:0.000113686:0.568636:0.515637:rs963699400
1,706778,rs1201760444,G,A,.,PASS,AF=0.742238,ES:SE:LP:AF:ID,-0.00014024:0.000128183:0.568636:0.742238:rs1201760444
1,707522,rs371890604,G,C,.,PASS,AF=0.09699,ES:SE:LP:AF:ID,-4.63707e-06:0.000173244:0.00877392:0.09699:rs371890604
1,707886,rs78250985,G,C,.,PASS,AF=0.072572,ES:SE:LP:AF:ID,2.63491e-05:0.000262438:0.0362122:0.072572:rs78250985
1,711310,rs200531508,G,A,.,PASS,AF=0.046762,ES:SE:LP:AF:ID,0.0001157:0.000251539:0.19382:0.046762:rs200531508
1,712547,rs373285923,G,C,.,PASS,AF=0.027098,ES:SE:LP:AF:ID,0.000491333:0.000358765:0.744727:0.027098:rs373285923
1,712762,rs1320856380,T,G,.,PASS,AF=0.037012,ES:SE:LP:AF:ID,0.000214101:0.000298148:0.309804:0.037012:rs1320856380
1,713131,rs200310424,AT,A,.,PASS,AF=0.966348,ES:SE:LP:AF:ID,-0.000292347:0.000307921:0.443698:0.966348:rs200310424
1,713914,rs570631764,A,G,.,PASS,AF=0.036267,ES:SE:LP:AF:ID,0.000226059:0.000298624:0.337242:0.036267:rs570631764
1,714019,rs114983708,A,G,.,PASS,AF=0.038148,ES:SE:LP:AF:ID,0.000241684:0.000290989:0.376751:0.038148:rs114983708
1,714310,rs141232927,C,G,.,PASS,AF=0.027126,ES:SE:LP:AF:ID,0.000443683:0.000371333:0.619789:0.027126:rs141232927
1,714427,rs12028261,G,A,.,PASS,AF=0.957845,ES:SE:LP:AF:ID,-0.000160634:0.000287789:0.229148:0.957845:rs12028261
1,714596,rs149887893,T,C,.,PASS,AF=0.03301,ES:SE:LP:AF:ID,-9.75799e-05:0.00028683:0.142668:0.03301:rs149887893
1,715265,rs12184267,C,T,.,PASS,AF=0.036626,ES:SE:LP:AF:ID,-3.55036e-05:0.000260574:0.0604807:0.036626:rs12184267
1,715367,rs12184277,A,G,.,PASS,AF=0.036742,ES:SE:LP:AF:ID,-3.35676e-05:0.000259592:0.0555173:0.036742:rs12184277
1,717485,rs12184279,C,A,.,PASS,AF=0.036442,ES:SE:LP:AF:ID,-3.07346e-05:0.000261451:0.05061:0.036442:rs12184279
1,717587,rs144155419,G,A,.,PASS,AF=0.016407,ES:SE:LP:AF:ID,0.000952538:0.000402787:1.76955:0.016407:rs144155419
1,719854,rs200512186,C,CAG,.,PASS,AF=0.9885,ES:SE:LP:AF:ID,0.000146244:0.000529953:0.113509:0.9885:rs200512186
1,719914,rs187772768,C,G,.,PASS,AF=0.036791,ES:SE:LP:AF:ID,0.000249069:0.000285218:0.39794:0.036791:rs187772768
1,720381,rs116801199,G,T,.,PASS,AF=0.036982,ES:SE:LP:AF:ID,-3.20086e-05:0.000258567:0.0555173:0.036982:rs116801199
1,721104,rs201616474,T,TA,.,PASS,AF=0.968985,ES:SE:LP:AF:ID,-0.000321631:0.000371574:0.39794:0.968985:rs201616474
1,721290,rs12565286,G,C,.,PASS,AF=0.037078,ES:SE:LP:AF:ID,-3.47893e-05:0.000257671:0.0604807:0.037078:rs12565286
1,721757,rs756475475,T,A,.,PASS,AF=0.03648,ES:SE:LP:AF:ID,0.000250093:0.000286246:0.39794:0.03648:rs756475475
1,722364,rs1303195756,G,GATTT,.,PASS,AF=0.965645,ES:SE:LP:AF:ID,-0.000280754:0.00030306:0.431798:0.965645:rs1303195756
1,722670,rs116030099,T,C,.,PASS,AF=0.101197,ES:SE:LP:AF:ID,-0.000302302:0.000187486:0.958607:0.101197:rs116030099
1,723307,rs28659788,C,G,.,PASS,AF=0.036718,ES:SE:LP:AF:ID,0.0002552:0.000285202:0.420216:0.036718:rs28659788
1,723742,rs200325929,T,C,.,PASS,AF=0.036736,ES:SE:LP:AF:ID,0.000226965:0.000284004:0.356547:0.036736:rs200325929
1,723753,rs765680391,A,AGAGAGAGG,.,PASS,AF=0.966129,ES:SE:LP:AF:ID,-0.0002573:0.000303361:0.387216:0.966129:rs765680391
1,723798,rs34882115,C,CAG,.,PASS,AF=0.0300018,ES:SE:LP:AF:ID,0.000379695:0.000349398:0.537602:0.0300018:rs34882115
1,723819,rs11804171,T,A,.,PASS,AF=0.040411,ES:SE:LP:AF:ID,0.000178572:0.000274449:0.275724:0.040411:rs11804171
1,723891,rs2977670,G,C,.,PASS,AF=0.959088,ES:SE:LP:AF:ID,5.15478e-05:0.000248951:0.0861861:0.959088:rs2977670
1,724295,rs1194662597,T,TGGAAC,.,PASS,AF=0.987171,ES:SE:LP:AF:ID,-0.000204668:0.000511632:0.167491:0.987171:rs1194662597
1,724324,rs753164112,G,A,.,PASS,AF=0.03714,ES:SE:LP:AF:ID,0.000246259:0.000281673:0.408935:0.03714:rs753164112
1,724621,rs552249494,C,CAAATG,.,PASS,AF=0.963914,ES:SE:LP:AF:ID,-0.000212514:0.000287228:0.327902:0.963914:rs552249494
1,724849,rs12126395,C,A,.,PASS,AF=0.031451,ES:SE:LP:AF:ID,-0.000209933:0.000450519:0.19382:0.031451:rs12126395
1,724869,rs1436151564,C,A,.,PASS,AF=0.52682,ES:SE:LP:AF:ID,-0.000171496:0.000138048:0.657577:0.52682:rs1436151564
1,724882,rs1557540695,T,C,.,PASS,AF=0.463395,ES:SE:LP:AF:ID,6.4601e-05:0.000136089:0.19382:0.463395:rs1557540695
1,724883,rs1557540695,G,A,.,PASS,AF=0.463395,ES:SE:LP:AF:ID,6.4601e-05:0.000136089:0.19382:0.463395:rs1557540695
1,725060,rs1445661281,A,T,.,PASS,AF=0.053254,ES:SE:LP:AF:ID,-7.72669e-05:0.000358293:0.0809219:0.053254:rs1445661281
1,725196,rs1315843244,G,A,.,PASS,AF=0.036705,ES:SE:LP:AF:ID,0.000248706:0.000282751:0.408935:0.036705:rs1315843244
1,725322,rs567893021,G,GAATGGAATGGAATGC,.,PASS,AF=0.967732,ES:SE:LP:AF:ID,-0.000252137:0.000318711:0.356547:0.967732:rs567893021
1,725389,rs375619475,C,T,.,PASS,AF=0.036603,ES:SE:LP:AF:ID,0.000294439:0.000285689:0.508638:0.036603:rs375619475
1,725438,rs1381646931,A,AATGGGATGGGATGGGATGGGATGCG,.,PASS,AF=0.972679,ES:SE:LP:AF:ID,-0.000209591:0.000365522:0.236572:0.972679:rs1381646931
1,726455,rs1410278091,TGGAAG,T,.,PASS,AF=0.930927,ES:SE:LP:AF:ID,0.000146536:0.000224213:0.29243:0.930927:rs1410278091
1,726794,rs28454925,C,G,.,PASS,AF=0.036595,ES:SE:LP:AF:ID,-2.00662e-05:0.000259354:0.0362122:0.036595:rs28454925
1,726939,rs1557542741,G,C,.,PASS,AF=0.465453,ES:SE:LP:AF:ID,0.000122595:0.000135707:0.431798:0.465453:rs1557542741
1,726944,rs1557542741,C,G,.,PASS,AF=0.782654,ES:SE:LP:AF:ID,0.000143576:0.000153173:0.455932:0.782654:rs1557542741
1,727286,rs376637250,A,AAG,.,PASS,AF=0.967208,ES:SE:LP:AF:ID,-0.000294317:0.000308925:0.455932:0.967208:rs376637250
1,727841,rs116587930,G,A,.,PASS,AF=0.052165,ES:SE:LP:AF:ID,0.000183754:0.000232627:0.366532:0.052165:rs116587930
1,729632,rs116720794,C,T,.,PASS,AF=0.036912,ES:SE:LP:AF:ID,-4.99785e-05:0.000256989:0.0809219:0.036912:rs116720794
1,729679,rs4951859,C,G,.,PASS,AF=0.843202,ES:SE:LP:AF:ID,-0.000102418:0.000133134:0.346787:0.843202:rs4951859
1,730087,rs148120343,T,C,.,PASS,AF=0.055911,ES:SE:LP:AF:ID,0.000131673:0.000215265:0.267606:0.055911:rs148120343
1,731718,rs58276399,T,C,.,PASS,AF=0.12231,ES:SE:LP:AF:ID,0.000113848:0.000145532:0.366532:0.12231:rs58276399
1,732032,rs61770163,A,C,.,PASS,AF=0.12153,ES:SE:LP:AF:ID,7.49683e-05:0.000155389:0.200659:0.12153:rs61770163
1,732215,rs559238700,C,T,.,PASS,AF=0.034814,ES:SE:LP:AF:ID,0.000266095:0.000293127:0.420216:0.034814:rs559238700
1,732809,rs12131618,T,C,.,PASS,AF=0.070614,ES:SE:LP:AF:ID,0.000249502:0.000232027:0.552842:0.070614:rs12131618
1,732989,rs369030935,C,T,.,PASS,AF=0.025709,ES:SE:LP:AF:ID,0.000246174:0.000357999:0.309804:0.025709:rs369030935
1,733235,rs528515178,T,G,.,PASS,AF=0.014733,ES:SE:LP:AF:ID,-0.000292298:0.00045957:0.283997:0.014733:rs528515178
1,734349,rs141242758,T,C,.,PASS,AF=0.121552,ES:SE:LP:AF:ID,0.00012015:0.000145592:0.387216:0.121552:rs141242758
1,734460,rs374525459,T,TG,.,PASS,AF=0.698995,ES:SE:LP:AF:ID,0.000110573:0.000153602:0.337242:0.698995:rs374525459
1,735682,rs138174321,G,C,.,PASS,AF=0.097672,ES:SE:LP:AF:ID,0.000275868:0.000228632:0.638272:0.097672:rs138174321
1,735985,rs12405651,G,A,.,PASS,AF=0.037585,ES:SE:LP:AF:ID,0.000229843:0.00028611:0.366532:0.037585:rs12405651
1,736289,rs1254887344,T,A,.,PASS,AF=0.132337,ES:SE:LP:AF:ID,6.79404e-06:0.00014354:0.0132283:0.132337:rs1254887344
1,736689,rs181876450,T,C,.,PASS,AF=0.011135,ES:SE:LP:AF:ID,0.000430656:0.000521516:0.387216:0.011135:rs181876450
1,736736,rs10454457,A,G,.,PASS,AF=0.038429,ES:SE:LP:AF:ID,0.000214121:0.000268993:0.356547:0.038429:rs10454457
1,738475,rs2427919,G,A,.,PASS,AF=0.036735,ES:SE:LP:AF:ID,0.00027334:0.000283275:0.455932:0.036735:rs2427919
1,738965,rs2905050,G,A,.,PASS,AF=0.035939,ES:SE:LP:AF:ID,0.00021333:0.000280326:0.337242:0.035939:rs2905050
1,739117,rs140206562,G,A,.,PASS,AF=0.019041,ES:SE:LP:AF:ID,0.000518149:0.000407663:0.69897:0.019041:rs140206562
1,739210,rs2427917,A,G,.,PASS,AF=0.807863,ES:SE:LP:AF:ID,-0.000130176:0.00016427:0.366532:0.807863:rs2427917
1,739528,rs3094317,G,A,.,PASS,AF=0.960804,ES:SE:LP:AF:ID,-0.000230702:0.000282:0.366532:0.960804:rs3094317
1,740284,rs61770167,C,T,.,PASS,AF=0.005695,ES:SE:LP:AF:ID,-0.000360818:0.00067361:0.229148:0.005695:rs61770167
1,740285,rs1241243936,G,A,.,PASS,AF=0.029669,ES:SE:LP:AF:ID,0.000248357:0.000316427:0.356547:0.029669:rs1241243936
1,741397,rs2519062,A,G,.,PASS,AF=0.028026,ES:SE:LP:AF:ID,0.000319134:0.000366878:0.39794:0.028026:rs2519062
1,742990,rs202009397,C,T,.,PASS,AF=0.069343,ES:SE:LP:AF:ID,1.61343e-06:0.000213931:0.00877392:0.069343:rs202009397
1,743021,rs3964475,T,C,.,PASS,AF=0.23459,ES:SE:LP:AF:ID,5.15462e-05:0.000152591:0.130768:0.23459:rs3964475
1,743420,rs201920982,G,A,.,PASS,AF=0.039422,ES:SE:LP:AF:ID,-0.000146838:0.000278432:0.221849:0.039422:rs201920982
1,745021,rs2427898,G,T,.,PASS,AF=0.040462,ES:SE:LP:AF:ID,0.000264913:0.000275853:0.455932:0.040462:rs2427898
1,745642,rs200097270,A,AC,.,PASS,AF=0.965336,ES:SE:LP:AF:ID,-0.000303992:0.000288794:0.522879:0.965336:rs200097270
1,746211,rs201075335,A,AG,.,PASS,AF=0.036876,ES:SE:LP:AF:ID,0.000191912:0.000271664:0.309804:0.036876:rs201075335
1,746727,rs144595511,G,A,.,PASS,AF=0.034464,ES:SE:LP:AF:ID,0.000304096:0.000289397:0.522879:0.034464:rs144595511
1,747753,rs200313238,T,TGC,.,PASS,AF=0.966087,ES:SE:LP:AF:ID,-0.000324514:0.000293136:0.552842:0.966087:rs200313238
1,747966,rs189811062,G,A,.,PASS,AF=0.015068,ES:SE:LP:AF:ID,-0.000330752:0.000455176:0.337242:0.015068:rs189811062
1,748141,rs1316629424,G,A,.,PASS,AF=0.052951,ES:SE:LP:AF:ID,6.21982e-05:0.000258195:0.0861861:0.052951:rs1316629424
1,748765,rs1294602442,G,A,.,PASS,AF=0.01526,ES:SE:LP:AF:ID,-0.000324607:0.000449482:0.337242:0.01526:rs1294602442
1,748878,rs2519043,G,T,.,PASS,AF=0.813214,ES:SE:LP:AF:ID,-0.000174544:0.000138509:0.677781:0.813214:rs2519043
1,749517,rs74806191,C,T,.,PASS,AF=0.104745,ES:SE:LP:AF:ID,2.35385e-05:0.000231433:0.0315171:0.104745:rs74806191
1,749644,rs75909375,T,C,.,PASS,AF=0.299541,ES:SE:LP:AF:ID,-0.000126199:0.000152426:0.39794:0.299541:rs75909375
1,749689,rs75448039,T,G,.,PASS,AF=0.291645,ES:SE:LP:AF:ID,-3.2105e-05:0.000152856:0.0809219:0.291645:rs75448039
1,749758,rs4399101,C,T,.,PASS,AF=0.696837,ES:SE:LP:AF:ID,0.000109803:0.000131863:0.387216:0.696837:rs4399101
1,749760,rs12045157,C,G,.,PASS,AF=0.696837,ES:SE:LP:AF:ID,0.000109803:0.000131863:0.387216:0.696837:rs12045157
1,749963,rs56197012,TAA,T,.,PASS,AF=0.131241,ES:SE:LP:AF:ID,0.000148058:0.000143398:0.522879:0.131241:rs56197012
1,751343,rs28544273,T,A,.,PASS,AF=0.123775,ES:SE:LP:AF:ID,8.82527e-05:0.000141979:0.275724:0.123775:rs28544273
1,751488,rs1557549473,GA,G,.,PASS,AF=0.856608,ES:SE:LP:AF:ID,-0.000142614:0.000140474:0.508638:0.856608:rs1557549473
1,751756,rs28527770,T,C,.,PASS,AF=0.123886,ES:SE:LP:AF:ID,8.94236e-05:0.000141784:0.283997:0.123886:rs28527770
1,752307,rs201062411,A,AT,.,PASS,AF=0.963073,ES:SE:LP:AF:ID,-0.000160625:0.000257357:0.259637:0.963073:rs201062411
1,752478,rs146277091,G,A,.,PASS,AF=0.036827,ES:SE:LP:AF:ID,-5.80781e-06:0.000254366:0.0177288:0.036827:rs146277091
1,752566,rs3094315,G,A,.,PASS,AF=0.838941,ES:SE:LP:AF:ID,-0.000131499:0.00012889:0.508638:0.838941:rs3094315
1,752593,rs372531941,T,G,.,PASS,AF=0.037434,ES:SE:LP:AF:ID,0.000184467:0.00025439:0.318759:0.037434:rs372531941
1,752617,rs149886465,C,A,.,PASS,AF=0.037942,ES:SE:LP:AF:ID,0.000180649:0.000251082:0.309804:0.037942:rs149886465
1,752721,rs3131972,A,G,.,PASS,AF=0.83857,ES:SE:LP:AF:ID,-0.00013588:0.000128777:0.537602:0.83857:rs3131972
1,752894,rs3131971,T,C,.,PASS,AF=0.839587,ES:SE:LP:AF:ID,-0.000134261:0.000129279:0.522879:0.839587:rs3131971
1,753405,rs3115860,C,A,.,PASS,AF=0.869774,ES:SE:LP:AF:ID,-0.000119823:0.000138058:0.420216:0.869774:rs3115860
1,753425,rs1431026348,T,C,.,PASS,AF=0.874571,ES:SE:LP:AF:ID,-8.06894e-05:0.000140413:0.251812:0.874571:rs1431026348
1,753474,rs2073814,C,G,.,PASS,AF=0.835606,ES:SE:LP:AF:ID,-0.000115779:0.000128845:0.431798:0.835606:rs2073814
1,753541,rs1388595942,G,A,.,PASS,AF=0.129877,ES:SE:LP:AF:ID,0.000125529:0.000138345:0.443698:0.129877:rs1388595942
1,754063,rs12184312,G,T,.,PASS,AF=0.037339,ES:SE:LP:AF:ID,4.16843e-05:0.000250067:0.0555173:0.037339:rs12184312
1,754105,rs12184325,C,T,.,PASS,AF=0.037582,ES:SE:LP:AF:ID,2.73147e-05:0.000248488:0.0315171:0.037582:rs12184325
1,754121,rs12184335,T,G,.,PASS,AF=0.034769,ES:SE:LP:AF:ID,-8.28835e-06:0.000266003:0.0177288:0.034769:rs12184335
1,754163,rs12184336,T,C,.,PASS,AF=0.033168,ES:SE:LP:AF:ID,2.47652e-05:0.000277604:0.0222764:0.033168:rs12184336
1,754182,rs3131969,A,G,.,PASS,AF=0.869116,ES:SE:LP:AF:ID,-0.000120193:0.000137813:0.420216:0.869116:rs3131969
1,754192,rs3131968,A,G,.,PASS,AF=0.869213,ES:SE:LP:AF:ID,-0.000112179:0.000137868:0.387216:0.869213:rs3131968
1,754211,rs12184313,G,A,.,PASS,AF=0.03754,ES:SE:LP:AF:ID,3.81965e-05:0.000249562:0.0457575:0.03754:rs12184313
1,754334,rs3131967,T,C,.,PASS,AF=0.86912,ES:SE:LP:AF:ID,-0.000119717:0.00013781:0.420216:0.86912:rs3131967
1,754433,rs150578204,G,A,.,PASS,AF=0.005122,ES:SE:LP:AF:ID,-4.35217e-05:0.00070698:0.0177288:0.005122:rs150578204
1,754458,rs1242318281,G,T,.,PASS,AF=0.005088,ES:SE:LP:AF:ID,-4.00993e-05:0.000708835:0.0177288:0.005088:rs1242318281
1,754503,rs3115859,G,A,.,PASS,AF=0.838023,ES:SE:LP:AF:ID,-0.000136828:0.000128419:0.537602:0.838023:rs3115859
1,754629,rs10454459,A,G,.,PASS,AF=0.037553,ES:SE:LP:AF:ID,4.85947e-05:0.000249914:0.0655015:0.037553:rs10454459
1,754671,rs10454460,A,G,.,PASS,AF=0.036378,ES:SE:LP:AF:ID,2.38045e-05:0.000258021:0.0268721:0.036378:rs10454460
1,754861,rs10454461,T,G,.,PASS,AF=0.033725,ES:SE:LP:AF:ID,2.45201e-05:0.000276828:0.0222764:0.033725:rs10454461
1,754964,rs3131966,C,T,.,PASS,AF=0.838654,ES:SE:LP:AF:ID,-0.000142597:0.000128778:0.568636:0.838654:rs3131966
1,755240,rs181660517,T,G,.,PASS,AF=0.013772,ES:SE:LP:AF:ID,-0.000559535:0.000448961:0.677781:0.013772:rs181660517
1,755299,rs1439874801,G,C,.,PASS,AF=0.029055,ES:SE:LP:AF:ID,6.51611e-05:0.000309917:0.0705811:0.029055:rs1439874801
1,755364,rs1557550576,G,C,.,PASS,AF=0.028189,ES:SE:LP:AF:ID,9.64335e-05:0.00032049:0.107905:0.028189:rs1557550576
1,755435,rs1557550616,T,G,.,PASS,AF=0.005547,ES:SE:LP:AF:ID,0.000672292:0.000692547:0.481486:0.005547:rs1557550616
1,755774,rs753849455,C,T,.,PASS,AF=0.028017,ES:SE:LP:AF:ID,4.98383e-05:0.000320181:0.05061:0.028017:rs753849455
1,755775,rs3131965,A,G,.,PASS,AF=0.839767,ES:SE:LP:AF:ID,-0.000152748:0.000130475:0.619789:0.839767:rs3131965
1,755823,rs369157130,T,C,.,PASS,AF=0.026963,ES:SE:LP:AF:ID,5.23391e-05:0.000331621:0.05061:0.026963:rs369157130
1,755890,rs1280367067,A,T,.,PASS,AF=0.869399,ES:SE:LP:AF:ID,-0.000123234:0.000137628:0.431798:0.869399:rs1280367067
1,755940,rs1236558166,C,T,.,PASS,AF=0.56721,ES:SE:LP:AF:ID,-0.000174569:0.000123347:0.79588:0.56721:rs1236558166
1,756257,rs1247458199,A,C,.,PASS,AF=0.409263,ES:SE:LP:AF:ID,0.000231547:0.000130218:1.11919:0.409263:rs1247458199
1,756264,rs528746615,C,T,.,PASS,AF=0.302267,ES:SE:LP:AF:ID,7.88505e-05:0.000145034:0.229148:0.302267:rs528746615
1,756268,rs12567639,G,A,.,PASS,AF=0.774949,ES:SE:LP:AF:ID,-5.4735e-05:0.000135059:0.167491:0.774949:rs12567639
1,756378,rs549844831,G,C,.,PASS,AF=0.342094,ES:SE:LP:AF:ID,-0.000152034:0.000138947:0.568636:0.342094:rs549844831
1,756380,rs3131963,T,A,.,PASS,AF=0.514568,ES:SE:LP:AF:ID,-7.24083e-06:0.000125714:0.0177288:0.514568:rs3131963
1,756434,rs61768170,G,C,.,PASS,AF=0.126876,ES:SE:LP:AF:ID,0.000106437:0.000140533:0.356547:0.126876:rs61768170
1,756604,rs3131962,A,G,.,PASS,AF=0.868945,ES:SE:LP:AF:ID,-0.000117894:0.000137283:0.408935:0.868945:rs3131962
1,756912,rs6699990,A,G,.,PASS,AF=0.032959,ES:SE:LP:AF:ID,0.000190634:0.000292466:0.29243:0.032959:rs6699990
1,757640,rs3115853,G,A,.,PASS,AF=0.867897,ES:SE:LP:AF:ID,-0.000115113:0.000137064:0.39794:0.867897:rs3115853
1,757734,rs1557551770,C,T,.,PASS,AF=0.869089,ES:SE:LP:AF:ID,-0.000119922:0.000137396:0.420216:0.869089:rs1557551770
1,757843,rs11240773,C,A,.,PASS,AF=0.779528,ES:SE:LP:AF:ID,-8.22498e-05:0.000124798:0.29243:0.779528:rs11240773
1,757878,rs1197087575,A,C,.,PASS,AF=0.038771,ES:SE:LP:AF:ID,0.000295035:0.000308534:0.455932:0.038771:rs1197087575
1,757936,rs1360886751,C,A,.,PASS,AF=0.869097,ES:SE:LP:AF:ID,-0.000120008:0.000137406:0.420216:0.869097:rs1360886751
1,758048,rs3131957,A,G,.,PASS,AF=0.127898,ES:SE:LP:AF:ID,-6.96454e-05:0.000177353:0.161151:0.127898:rs3131957
1,758144,rs3131956,A,G,.,PASS,AF=0.869105,ES:SE:LP:AF:ID,-0.000120106:0.000137409:0.420216:0.869105:rs3131956
1,758626,rs3131954,C,T,.,PASS,AF=0.869583,ES:SE:LP:AF:ID,-0.000123681:0.000137785:0.431798:0.869583:rs3131954
1,758708,rs1557552244,A,G,.,PASS,AF=0.030305,ES:SE:LP:AF:ID,0.000133421:0.000299103:0.173925:0.030305:rs1557552244
1,758761,rs374312068,A,G,.,PASS,AF=0.023044,ES:SE:LP:AF:ID,-0.000106275:0.000379489:0.119186:0.023044:rs374312068
1,758805,rs368197182,T,C,.,PASS,AF=0.031386,ES:SE:LP:AF:ID,1.22476e-05:0.000290805:0.00877392:0.031386:rs368197182
1,758841,rs1557552299,T,C,.,PASS,AF=0.037302,ES:SE:LP:AF:ID,3.53945e-05:0.000250976:0.0409586:0.037302:rs1557552299
1,759036,rs114525117,G,A,.,PASS,AF=0.037601,ES:SE:LP:AF:ID,2.74646e-05:0.000248435:0.0315171:0.037601:rs114525117
1,759177,rs147648542,G,A,.,PASS,AF=0.029799,ES:SE:LP:AF:ID,2.93211e-05:0.000302427:0.0268721:0.029799:rs147648542
1,759293,rs10157329,T,A,.,PASS,AF=0.09889,ES:SE:LP:AF:ID,-1.77858e-05:0.000160736:0.0409586:0.09889:rs10157329
1,759600,rs545998451,A,AGT,.,PASS,AF=0.993575,ES:SE:LP:AF:ID,-0.000811101:0.000624954:0.721246:0.993575:rs545998451
1,759837,rs3115851,T,A,.,PASS,AF=0.87368,ES:SE:LP:AF:ID,-0.000125863:0.000139921:0.443698:0.87368:rs3115851
1,759970,rs145098582,A,G,.,PASS,AF=0.036434,ES:SE:LP:AF:ID,3.44873e-05:0.000257091:0.0409586:0.036434:rs145098582
1,760811,rs200712425,C,CTCTT,.,PASS,AF=0.962957,ES:SE:LP:AF:ID,-2.94541e-05:0.000255307:0.0315171:0.962957:rs200712425
1,760912,rs1048488,C,T,.,PASS,AF=0.838304,ES:SE:LP:AF:ID,-0.00012325:0.000128148:0.468521:0.838304:rs1048488
1,760998,rs148828841,C,A,.,PASS,AF=0.037037,ES:SE:LP:AF:ID,1.81472e-05:0.000253095:0.0177288:0.037037:rs148828841
1,761147,rs3115850,T,C,.,PASS,AF=0.838425,ES:SE:LP:AF:ID,-0.000124465:0.000128238:0.481486:0.838425:rs3115850
1,761278,rs551857018,G,C,.,PASS,AF=0.032349,ES:SE:LP:AF:ID,0.000119049:0.000283836:0.161151:0.032349:rs551857018
1,761412,rs377214516,C,T,.,PASS,AF=0.031589,ES:SE:LP:AF:ID,3.00823e-05:0.000291873:0.0268721:0.031589:rs377214516
1,761606,rs377377186,G,A,.,PASS,AF=0.035945,ES:SE:LP:AF:ID,5.52767e-05:0.00025963:0.0705811:0.035945:rs377377186
1,761732,rs2286139,C,T,.,PASS,AF=0.862253,ES:SE:LP:AF:ID,-9.48405e-05:0.000136998:0.309804:0.862253:rs2286139
1,761752,rs1057213,C,T,.,PASS,AF=0.868322,ES:SE:LP:AF:ID,-9.79458e-05:0.000138493:0.318759:0.868322:rs1057213
1,761800,rs1064272,A,T,.,PASS,AF=0.133489,ES:SE:LP:AF:ID,-0.00033771:0.000194281:1.07572:0.133489:rs1064272
1,761881,rs374493323,A,C,.,PASS,AF=0.034444,ES:SE:LP:AF:ID,3.59358e-05:0.000269332:0.0409586:0.034444:rs374493323
1,761957,rs59038458,A,AT,.,PASS,AF=0.36504,ES:SE:LP:AF:ID,-2.87971e-06:0.000134456:0.00877392:0.36504:rs59038458
1,761958,rs115523412,C,T,.,PASS,AF=0.047098,ES:SE:LP:AF:ID,-4.75377e-05:0.000247219:0.0809219:0.047098:rs115523412
1,762273,rs3115849,G,A,.,PASS,AF=0.865237,ES:SE:LP:AF:ID,-0.000114639:0.000138525:0.39794:0.865237:rs3115849
1,762485,rs12095200,C,A,.,PASS,AF=0.09932,ES:SE:LP:AF:ID,0.000126091:0.000166034:0.356547:0.09932:rs12095200
1,762589,rs772021405,G,C,.,PASS,AF=0.870606,ES:SE:LP:AF:ID,-0.000117833:0.000140169:0.39794:0.870606:rs772021405
1,762592,rs1209077270,C,G,.,PASS,AF=0.870606,ES:SE:LP:AF:ID,-0.000117831:0.000140169:0.39794:0.870606:rs1209077270
1,762601,rs3131949,T,C,.,PASS,AF=0.870605,ES:SE:LP:AF:ID,-0.00011783:0.000140171:0.39794:0.870605:rs3131949
1,762632,rs3131948,T,A,.,PASS,AF=0.870968,ES:SE:LP:AF:ID,-0.000101773:0.000140245:0.337242:0.870968:rs3131948
1,763394,rs3115847,G,A,.,PASS,AF=0.70675,ES:SE:LP:AF:ID,2.47983e-05:0.000133286:0.0655015:0.70675:rs3115847
1,764191,rs7515915,T,G,.,PASS,AF=0.126446,ES:SE:LP:AF:ID,0.00011038:0.000140381:0.366532:0.126446:rs7515915
1,766007,rs61768174,A,C,.,PASS,AF=0.105145,ES:SE:LP:AF:ID,2.25833e-06:0.000153516:0.00436481:0.105145:rs61768174
1,766105,rs2519015,T,A,.,PASS,AF=0.853895,ES:SE:LP:AF:ID,-8.07765e-05:0.000137002:0.259637:0.853895:rs2519015
1,768116,rs67751522,AGTTTT,A,.,PASS,AF=0.163285,ES:SE:LP:AF:ID,0.000216127:0.000135175:0.958607:0.163285:rs67751522
1,768253,rs2977608,A,C,.,PASS,AF=0.761287,ES:SE:LP:AF:ID,-0.00018474:0.000108813:1.05061:0.761287:rs2977608
1,768448,rs12562034,G,A,.,PASS,AF=0.106498,ES:SE:LP:AF:ID,0.000242469:0.000149899:0.958607:0.106498:rs12562034
1,768819,rs12562811,C,T,.,PASS,AF=0.008313,ES:SE:LP:AF:ID,-0.000599446:0.000536849:0.585027:0.008313:rs12562811
1,769138,rs1483790918,C,CAT,.,PASS,AF=0.870004,ES:SE:LP:AF:ID,-0.000104392:0.000138331:0.346787:0.870004:rs1483790918
1,769223,rs60320384,C,G,.,PASS,AF=0.129582,ES:SE:LP:AF:ID,0.00010684:0.000138229:0.356547:0.129582:rs60320384
1,769963,rs7518545,G,A,.,PASS,AF=0.10577,ES:SE:LP:AF:ID,0.00026027:0.000151092:1.07058:0.10577:rs7518545
1,770181,rs146076599,A,G,.,PASS,AF=0.009381,ES:SE:LP:AF:ID,0.00123016:0.000525506:1.69897:0.009381:rs146076599
1,770377,rs112563271,A,T,.,PASS,AF=0.008317,ES:SE:LP:AF:ID,-0.000611682:0.000539653:0.60206:0.008317:rs112563271
1,770886,rs371458725,G,A,.,PASS,AF=0.104835,ES:SE:LP:AF:ID,0.000247475:0.000152258:1:0.104835:rs371458725
1,771410,rs2519006,C,T,.,PASS,AF=0.828311,ES:SE:LP:AF:ID,-6.25637e-05:0.000134528:0.19382:0.828311:rs2519006
1,771823,rs2977605,T,C,.,PASS,AF=0.868905,ES:SE:LP:AF:ID,-0.000107916:0.000137525:0.366532:0.868905:rs2977605
1,771967,rs59066358,G,A,.,PASS,AF=0.129683,ES:SE:LP:AF:ID,0.000105057:0.000138146:0.356547:0.129683:rs59066358
1,772755,rs2905039,A,C,.,PASS,AF=0.868915,ES:SE:LP:AF:ID,-0.000108108:0.000137527:0.366532:0.868915:rs2905039
1,774760,rs1387547637,C,T,.,PASS,AF=0.013302,ES:SE:LP:AF:ID,0.000363042:0.000502884:0.327902:0.013302:rs1387547637
1,774874,rs1327209068,A,C,.,PASS,AF=0.868555,ES:SE:LP:AF:ID,-9.24055e-05:0.000138557:0.30103:0.868555:rs1327209068
1,775181,rs61768182,A,G,.,PASS,AF=0.129716,ES:SE:LP:AF:ID,9.14071e-05:0.00013817:0.30103:0.129716:rs61768182
1,775659,rs2905035,A,G,.,PASS,AF=0.868829,ES:SE:LP:AF:ID,-9.41417e-05:0.000137485:0.309804:0.868829:rs2905035
1,775789,rs55687311,T,TA,.,PASS,AF=0.0364215,ES:SE:LP:AF:ID,-0.000525312:0.000375262:0.79588:0.0364215:rs55687311
1,776546,rs12124819,A,G,.,PASS,AF=0.265383,ES:SE:LP:AF:ID,-9.88586e-05:0.000121583:0.376751:0.265383:rs12124819
1,776556,rs151160018,C,T,.,PASS,AF=0.00858,ES:SE:LP:AF:ID,-0.000585475:0.000523008:0.585027:0.00858:rs151160018
1,777122,rs2980319,A,T,.,PASS,AF=0.870038,ES:SE:LP:AF:ID,-8.82018e-05:0.000137811:0.283997:0.870038:rs2980319
1,777232,rs112618790,C,T,.,PASS,AF=0.095148,ES:SE:LP:AF:ID,0.000330132:0.000159616:1.42022:0.095148:rs112618790
1,778745,rs1055606,A,G,.,PASS,AF=0.128581,ES:SE:LP:AF:ID,8.37622e-05:0.000138327:0.267606:0.128581:rs1055606
1,779322,rs4040617,A,G,.,PASS,AF=0.128878,ES:SE:LP:AF:ID,8.84741e-05:0.000138098:0.283997:0.128878:rs4040617
1,780785,rs2977612,T,A,.,PASS,AF=0.868779,ES:SE:LP:AF:ID,-9.43926e-05:0.000137483:0.309804:0.868779:rs2977612
1,781367,rs149821290,A,C,.,PASS,AF=0.009592,ES:SE:LP:AF:ID,0.000157337:0.000498124:0.124939:0.009592:rs149821290
1,781845,rs1391043716,A,G,.,PASS,AF=0.101873,ES:SE:LP:AF:ID,-4.15283e-05:0.00015572:0.102373:0.101873:rs1391043716
1,782721,rs185280546,G,A,.,PASS,AF=0.014362,ES:SE:LP:AF:ID,-0.000371605:0.00042551:0.420216:0.014362:rs185280546
1,782981,rs6594026,C,T,.,PASS,AF=0.129519,ES:SE:LP:AF:ID,9.5921e-05:0.000138088:0.318759:0.129519:rs6594026
1,783071,rs142849724,C,T,.,PASS,AF=0.015025,ES:SE:LP:AF:ID,0.000650985:0.000436468:0.853872:0.015025:rs142849724
1,783193,rs145767270,G,C,.,PASS,AF=0.014319,ES:SE:LP:AF:ID,-0.000332465:0.000427347:0.366532:0.014319:rs145767270
1,783194,rs138555831,G,T,.,PASS,AF=0.014325,ES:SE:LP:AF:ID,-0.000333733:0.000427303:0.366532:0.014325:rs138555831
1,783318,rs6686696,A,G,.,PASS,AF=0.127394,ES:SE:LP:AF:ID,8.91022e-05:0.000139524:0.283997:0.127394:rs6686696
1,783711,rs184266993,G,A,.,PASS,AF=0.005598,ES:SE:LP:AF:ID,0.000678078:0.000680957:0.49485:0.005598:rs184266993
1,785050,rs2905062,G,A,.,PASS,AF=0.868531,ES:SE:LP:AF:ID,-8.026e-05:0.000137479:0.251812:0.868531:rs2905062
1,785989,rs2980300,T,C,.,PASS,AF=0.868472,ES:SE:LP:AF:ID,-7.69809e-05:0.000137566:0.244125:0.868472:rs2980300
1,786995,rs61768202,G,A,.,PASS,AF=0.127929,ES:SE:LP:AF:ID,9.36908e-05:0.000139398:0.30103:0.127929:rs61768202
1,787069,rs59146489,C,CAG,.,PASS,AF=0.968046,ES:SE:LP:AF:ID,6.2925e-05:0.000433824:0.0555173:0.968046:rs59146489
1,787135,rs28753393,A,G,.,PASS,AF=0.934358,ES:SE:LP:AF:ID,0.00015612:0.000292874:0.229148:0.934358:rs28753393
1,787173,rs115093905,G,T,.,PASS,AF=0.030811,ES:SE:LP:AF:ID,2.13922e-05:0.000457739:0.0132283:0.030811:rs115093905
1,787185,rs1170107649,G,A,.,PASS,AF=0.821154,ES:SE:LP:AF:ID,-1.20012e-05:0.000134859:0.0315171:0.821154:rs1170107649
1,787262,rs2905056,C,G,.,PASS,AF=0.870867,ES:SE:LP:AF:ID,-9.86568e-05:0.000138978:0.327902:0.870867:rs2905056
1,787399,rs2905055,G,T,.,PASS,AF=0.860774,ES:SE:LP:AF:ID,-5.24388e-05:0.000137453:0.154902:0.860774:rs2905055
1,787606,rs3863622,G,T,.,PASS,AF=0.128466,ES:SE:LP:AF:ID,8.88409e-05:0.000138802:0.283997:0.128466:rs3863622
1,787685,rs2905054,G,T,.,PASS,AF=0.861485,ES:SE:LP:AF:ID,-8.2736e-05:0.000137569:0.267606:0.861485:rs2905054
1,787844,rs2905053,C,T,.,PASS,AF=0.869223,ES:SE:LP:AF:ID,-8.06325e-05:0.000138043:0.259637:0.869223:rs2905053
1,788713,rs2980306,T,C,.,PASS,AF=0.866741,ES:SE:LP:AF:ID,-7.47021e-05:0.000138146:0.236572:0.866741:rs2980306
1,789144,rs373293973,G,C,.,PASS,AF=0.176494,ES:SE:LP:AF:ID,3.24056e-05:0.000178269:0.0655015:0.176494:rs373293973
1,789513,rs200509509,G,GA,.,PASS,AF=0.874786,ES:SE:LP:AF:ID,-0.000100006:0.000142456:0.318759:0.874786:rs200509509
1,790465,rs61768207,G,A,.,PASS,AF=0.098098,ES:SE:LP:AF:ID,-8.87925e-05:0.000159475:0.236572:0.098098:rs61768207
1,790760,rs773166169,A,G,.,PASS,AF=0.040101,ES:SE:LP:AF:ID,-1.14233e-05:0.000369728:0.00877392:0.040101:rs773166169
1,791191,rs111818025,G,A,.,PASS,AF=0.127884,ES:SE:LP:AF:ID,8.5629e-05:0.000139687:0.275724:0.127884:rs111818025
1,791853,rs6684487,G,A,.,PASS,AF=0.094511,ES:SE:LP:AF:ID,0.000361343:0.00016039:1.61979:0.094511:rs6684487
1,792263,rs1044922,A,G,.,PASS,AF=0.966465,ES:SE:LP:AF:ID,-0.000714632:0.000296129:1.82391:0.966465:rs1044922
1,793145,rs2905030,A,G,.,PASS,AF=0.922476,ES:SE:LP:AF:ID,-0.000201765:0.000197286:0.522879:0.922476:rs2905030
1,793429,rs2519067,T,C,.,PASS,AF=0.706001,ES:SE:LP:AF:ID,-6.34254e-05:0.00011597:0.236572:0.706001:rs2519067
1,794332,rs12127425,G,A,.,PASS,AF=0.080379,ES:SE:LP:AF:ID,0.000378207:0.000173152:1.5376:0.080379:rs12127425
1,795222,rs12131377,C,G,.,PASS,AF=0.081366,ES:SE:LP:AF:ID,0.000346839:0.00017191:1.35655:0.081366:rs12131377
1,795319,rs1250996334,T,C,.,PASS,AF=0.006029,ES:SE:LP:AF:ID,-0.000434659:0.000622152:0.309804:0.006029:rs1250996334
1,795988,rs59380221,C,T,.,PASS,AF=0.143055,ES:SE:LP:AF:ID,0.000120609:0.000142504:0.408935:0.143055:rs59380221
1,796100,rs12132398,C,T,.,PASS,AF=0.081506,ES:SE:LP:AF:ID,0.000335812:0.000171942:1.29243:0.081506:rs12132398
1,796375,rs1338880683,T,C,.,PASS,AF=0.123825,ES:SE:LP:AF:ID,8.09076e-05:0.000143556:0.244125:0.123825:rs1338880683
1,796767,rs12076540,G,A,.,PASS,AF=0.731731,ES:SE:LP:AF:ID,-0.000138365:0.000117369:0.619789:0.731731:rs12076540
1,797126,rs55744324,G,GTAAT,.,PASS,AF=0.920875,ES:SE:LP:AF:ID,-0.000354841:0.000178606:1.3279:0.920875:rs55744324
1,797281,rs1347695410,G,C,.,PASS,AF=0.080591,ES:SE:LP:AF:ID,0.000347245:0.000173188:1.34679:0.080591:rs1347695410
1,797325,rs1338750774,T,C,.,PASS,AF=0.081323,ES:SE:LP:AF:ID,0.000335502:0.000171842:1.29243:0.081323:rs1338750774
1,797440,rs58013264,T,C,.,PASS,AF=0.119258,ES:SE:LP:AF:ID,7.14604e-05:0.000145894:0.207608:0.119258:rs58013264
1,797474,rs1342830210,G,T,.,PASS,AF=0.144708,ES:SE:LP:AF:ID,-7.05307e-06:0.000190304:0.0132283:0.144708:rs1342830210
1,798026,rs4951864,C,T,.,PASS,AF=0.917998,ES:SE:LP:AF:ID,-0.000322836:0.000171071:1.22915:0.917998:rs4951864
1,798400,rs10900604,A,G,.,PASS,AF=0.2066,ES:SE:LP:AF:ID,0.000216035:0.000116045:1.20761:0.2066:rs10900604
1,798801,rs12132517,G,A,.,PASS,AF=0.08151,ES:SE:LP:AF:ID,0.000332917:0.000171415:1.284:0.08151:rs12132517
1,798959,rs11240777,G,A,.,PASS,AF=0.206429,ES:SE:LP:AF:ID,0.00021038:0.000116095:1.16115:0.206429:rs11240777
1,799499,rs147634896,T,C,.,PASS,AF=0.081359,ES:SE:LP:AF:ID,0.000335143:0.000171577:1.29243:0.081359:rs147634896
1,799879,rs149363311,C,T,.,PASS,AF=0.013401,ES:SE:LP:AF:ID,0.000604949:0.000444681:0.769551:0.013401:rs149363311
1,800193,rs143609865,A,T,.,PASS,AF=0.053066,ES:SE:LP:AF:ID,2.27373e-05:0.000214455:0.0362122:0.053066:rs143609865
1,800383,rs4951931,C,T,.,PASS,AF=0.915793,ES:SE:LP:AF:ID,-0.000314757:0.000169149:1.20066:0.915793:rs4951931
1,800970,rs145665953,G,C,.,PASS,AF=0.051968,ES:SE:LP:AF:ID,-0.000366313:0.000224258:1:0.051968:rs145665953
1,801467,rs61768212,G,C,.,PASS,AF=0.121585,ES:SE:LP:AF:ID,7.59626e-05:0.000143469:0.229148:0.121585:rs61768212
1,801536,rs79373928,T,G,.,PASS,AF=0.01479,ES:SE:LP:AF:ID,-0.0001874:0.000383693:0.200659:0.01479:rs79373928
1,801661,rs12132974,C,T,.,PASS,AF=0.07962,ES:SE:LP:AF:ID,0.000376013:0.000173129:1.52288:0.07962:rs12132974
1,801680,rs12134490,A,C,.,PASS,AF=0.079536,ES:SE:LP:AF:ID,0.000378398:0.000173215:1.5376:0.079536:rs12134490
1,801858,rs17276806,C,T,.,PASS,AF=0.079707,ES:SE:LP:AF:ID,0.000376309:0.00017299:1.52288:0.079707:rs17276806
1,801943,rs7516866,C,T,.,PASS,AF=0.916587,ES:SE:LP:AF:ID,-0.000374634:0.000169909:1.56864:0.916587:rs7516866
1,801995,rs1557574948,G,A,.,PASS,AF=0.351868,ES:SE:LP:AF:ID,0.000100058:0.000117232:0.408935:0.351868:rs1557574948
1,802006,rs1557574948,T,C,.,PASS,AF=0.624249,ES:SE:LP:AF:ID,-9.87982e-05:0.000116302:0.39794:0.624249:rs1557574948
1,802026,rs1557574948,G,A,.,PASS,AF=0.227591,ES:SE:LP:AF:ID,0.000136514:0.00011812:0.60206:0.227591:rs1557574948
1,802082,rs1557574948,C,T,.,PASS,AF=0.028324,ES:SE:LP:AF:ID,0.000310803:0.000323544:0.468521:0.028324:rs1557574948
1,802347,rs1330617682,C,T,.,PASS,AF=0.076364,ES:SE:LP:AF:ID,0.000360128:0.000180805:1.33724:0.076364:rs1330617682
1,802349,rs1330617682,C,T,.,PASS,AF=0.076364,ES:SE:LP:AF:ID,0.000360124:0.000180805:1.33724:0.076364:rs1330617682
1,802398,rs1250306677,C,T,.,PASS,AF=0.077943,ES:SE:LP:AF:ID,0.000372127:0.000178793:1.4318:0.077943:rs1250306677
1,802496,rs1557575256,C,T,.,PASS,AF=0.120999,ES:SE:LP:AF:ID,7.18856e-05:0.000145399:0.207608:0.120999:rs1557575256
1,802856,rs139867617,C,T,.,PASS,AF=0.079633,ES:SE:LP:AF:ID,0.000370198:0.000172905:1.49485:0.079633:rs139867617
1,803432,rs562238357,T,C,.,PASS,AF=0.07781,ES:SE:LP:AF:ID,0.00035733:0.000178623:1.34679:0.07781:rs562238357
1,803702,rs796458342,G,A,.,PASS,AF=0.040905,ES:SE:LP:AF:ID,0.00038754:0.000284494:0.769551:0.040905:rs796458342
1,804015,rs372466154,A,G,.,PASS,AF=0.07532,ES:SE:LP:AF:ID,0.000308906:0.000182839:1.04576:0.07532:rs372466154
1,804107,rs534659898,T,C,.,PASS,AF=0.073566,ES:SE:LP:AF:ID,0.000332732:0.000185824:1.14267:0.073566:rs534659898
1,804109,rs551746123,C,A,.,PASS,AF=0.073566,ES:SE:LP:AF:ID,0.000332728:0.000185823:1.14267:0.073566:rs551746123
1,804119,rs537050962,A,T,.,PASS,AF=0.077936,ES:SE:LP:AF:ID,0.000301117:0.000178367:1.04096:0.077936:rs537050962
1,804135,rs553317956,A,G,.,PASS,AF=0.0762,ES:SE:LP:AF:ID,0.000342967:0.000181131:1.23657:0.0762:rs553317956
1,804152,rs573479201,T,G,.,PASS,AF=0.076179,ES:SE:LP:AF:ID,0.000343449:0.000181139:1.24413:0.076179:rs573479201
1,804168,rs545418299,C,A,.,PASS,AF=0.0766,ES:SE:LP:AF:ID,0.000350352:0.000180481:1.284:0.0766:rs545418299
1,804180,rs372180314,A,T,.,PASS,AF=0.076601,ES:SE:LP:AF:ID,0.000350335:0.000180479:1.284:0.076601:rs372180314
1,804188,rs376110660,G,C,.,PASS,AF=0.076601,ES:SE:LP:AF:ID,0.000350207:0.000180478:1.284:0.076601:rs376110660
1,804269,rs145942548,G,C,.,PASS,AF=0.025309,ES:SE:LP:AF:ID,0.000493322:0.000333906:0.853872:0.025309:rs145942548
1,804306,rs139794146,A,G,.,PASS,AF=0.025311,ES:SE:LP:AF:ID,0.000493322:0.00033388:0.853872:0.025311:rs139794146
1,804759,rs7526310,C,T,.,PASS,AF=0.12143,ES:SE:LP:AF:ID,6.82539e-05:0.000143313:0.200659:0.12143:rs7526310
1,804978,rs202146812,TA,T,.,PASS,AF=0.923184,ES:SE:LP:AF:ID,-0.000298682:0.000181515:1:0.923184:rs202146812
1,805556,rs72631880,T,A,.,PASS,AF=0.085086,ES:SE:LP:AF:ID,0.000121136:0.000170169:0.318759:0.085086:rs72631880
1,807302,rs1170228243,AT,A,.,PASS,AF=0.0829307,ES:SE:LP:AF:ID,7.64391e-06:0.000261241:0.00877392:0.0829307:rs1170228243
1,807994,rs192742681,C,T,.,PASS,AF=0.015961,ES:SE:LP:AF:ID,0.000279846:0.000386395:0.327902:0.015961:rs192742681
1,808223,rs1557576983,G,C,.,PASS,AF=0.775652,ES:SE:LP:AF:ID,-8.51824e-05:0.000112403:0.346787:0.775652:rs1557576983
1,808289,rs1557576983,A,T,.,PASS,AF=0.099359,ES:SE:LP:AF:ID,0.000148446:0.00015505:0.468521:0.099359:rs1557576983
1,808631,rs11240779,G,A,.,PASS,AF=0.772609,ES:SE:LP:AF:ID,-0.000147607:0.000110495:0.744727:0.772609:rs11240779
1,808928,rs1247187939,C,T,.,PASS,AF=0.772836,ES:SE:LP:AF:ID,-0.00011994:0.00011068:0.552842:0.772836:rs1247187939
1,809876,rs57181708,A,G,.,PASS,AF=0.101251,ES:SE:LP:AF:ID,0.000141428:0.000153179:0.443698:0.101251:rs57181708
1,810286,rs28410559,G,A,.,PASS,AF=0.124489,ES:SE:LP:AF:ID,6.67483e-05:0.000141065:0.200659:0.124489:rs28410559
1,810777,rs143204076,C,G,.,PASS,AF=0.021808,ES:SE:LP:AF:ID,0.000380543:0.000389649:0.468521:0.021808:rs143204076
1,810780,rs58686784,G,C,.,PASS,AF=0.094987,ES:SE:LP:AF:ID,-0.000108156:0.000160966:0.29243:0.094987:rs58686784
1,811136,rs114224245,G,C,.,PASS,AF=0.027487,ES:SE:LP:AF:ID,0.000680836:0.000300665:1.61979:0.027487:rs114224245
1,811215,rs566100889,A,AACTCCCCCAT,.,PASS,AF=0.993739,ES:SE:LP:AF:ID,0.000695425:0.000592769:0.619789:0.993739:rs566100889
1,812670,rs4970340,A,C,.,PASS,AF=0.010948,ES:SE:LP:AF:ID,-9.51471e-05:0.000484611:0.0705811:0.010948:rs4970340
1,812743,rs6605064,C,T,.,PASS,AF=0.122842,ES:SE:LP:AF:ID,7.68862e-05:0.000142039:0.229148:0.122842:rs6605064
1,813554,rs556723783,C,A,.,PASS,AF=0.006918,ES:SE:LP:AF:ID,0.000555877:0.000586665:0.468521:0.006918:rs556723783
1,813640,rs4246499,A,G,.,PASS,AF=0.890793,ES:SE:LP:AF:ID,6.97784e-06:0.000152192:0.0132283:0.890793:rs4246499
1,813747,rs4970388,G,A,.,PASS,AF=0.886666,ES:SE:LP:AF:ID,-3.62107e-05:0.000150333:0.09691:0.886666:rs4970388
1,814045,rs28483835,C,T,.,PASS,AF=0.099538,ES:SE:LP:AF:ID,0.000148238:0.000159889:0.443698:0.099538:rs28483835
1,814215,rs4468103,A,G,.,PASS,AF=0.303971,ES:SE:LP:AF:ID,5.74006e-05:0.000123762:0.19382:0.303971:rs4468103
1,814297,rs72888851,T,A,.,PASS,AF=0.477975,ES:SE:LP:AF:ID,-6.35583e-05:0.000113599:0.221849:0.477975:rs72888851
1,814300,rs80022136,T,A,.,PASS,AF=0.478141,ES:SE:LP:AF:ID,-6.27474e-05:0.00011354:0.221849:0.478141:rs80022136
1,814371,rs60732832,G,GTGTT,.,PASS,AF=0.206767,ES:SE:LP:AF:ID,0.000119282:0.000116507:0.522879:0.206767:rs60732832
1,814495,rs74461805,C,A,.,PASS,AF=0.340398,ES:SE:LP:AF:ID,-0.000126183:0.000155786:0.376751:0.340398:rs74461805
1,814870,rs149628520,T,G,.,PASS,AF=0.009316,ES:SE:LP:AF:ID,-0.000515038:0.000491159:0.537602:0.009316:rs149628520
1,815138,rs201597505,C,G,.,PASS,AF=0.106598,ES:SE:LP:AF:ID,-0.000203859:0.000194337:0.537602:0.106598:rs201597505
1,815139,rs75056396,G,A,.,PASS,AF=0.106598,ES:SE:LP:AF:ID,-0.000203859:0.000194337:0.537602:0.106598:rs75056396
1,815656,rs1235438280,T,G,.,PASS,AF=0.011585,ES:SE:LP:AF:ID,-0.000365041:0.000460543:0.366532:0.011585:rs1235438280
1,815662,rs1235438280,G,T,.,PASS,AF=0.985264,ES:SE:LP:AF:ID,0.000341811:0.000446823:0.356547:0.985264:rs1235438280
1,817967,rs143695105,C,A,.,PASS,AF=0.027379,ES:SE:LP:AF:ID,0.000514098:0.000300965:1.05061:0.027379:rs143695105
1,819065,rs188466450,C,T,.,PASS,AF=0.005076,ES:SE:LP:AF:ID,0.00194787:0.000665618:2.45593:0.005076:rs188466450
1,819317,rs190872293,T,C,.,PASS,AF=0.007163,ES:SE:LP:AF:ID,-0.0004895:0.000564013:0.420216:0.007163:rs190872293
1,819467,rs187253977,T,A,.,PASS,AF=0.002444,ES:SE:LP:AF:ID,-0.00107482:0.000946741:0.585027:0.002444:rs187253977
1,821325,rs78941097,A,ACAGT,.,PASS,AF=0.801147,ES:SE:LP:AF:ID,9.59521e-05:0.000121378:0.366532:0.801147:rs78941097
1,821765,rs190575917,C,T,.,PASS,AF=0.020788,ES:SE:LP:AF:ID,0.000173733:0.000344734:0.21467:0.020788:rs190575917
1,821843,rs544157053,C,T,.,PASS,AF=0.001278,ES:SE:LP:AF:ID,-0.00096351:0.0013275:0.337242:0.001278:rs544157053
1,821926,rs35660652,C,G,.,PASS,AF=0.103916,ES:SE:LP:AF:ID,-2.70338e-05:0.000171256:0.0604807:0.103916:rs35660652
1,823790,rs143626389,G,A,.,PASS,AF=0.03996,ES:SE:LP:AF:ID,-0.000142681:0.000303685:0.200659:0.03996:rs143626389
1,824357,rs80134645,C,T,.,PASS,AF=0.006835,ES:SE:LP:AF:ID,0.000609756:0.000589123:0.522879:0.006835:rs80134645
1,824398,rs7538305,A,C,.,PASS,AF=0.138699,ES:SE:LP:AF:ID,-0.000116461:0.000137593:0.39794:0.138699:rs7538305
1,824876,rs180726295,C,A,.,PASS,AF=0.008657,ES:SE:LP:AF:ID,-0.000987983:0.000530975:1.19382:0.008657:rs180726295
1,825069,rs4475692,G,C,.,PASS,AF=0.740961,ES:SE:LP:AF:ID,-5.54484e-05:0.000110461:0.207608:0.740961:rs4475692
1,825125,rs58233623,C,A,.,PASS,AF=0.001084,ES:SE:LP:AF:ID,-0.00157175:0.0014532:0.552842:0.001084:rs58233623
1,825410,rs13303179,G,A,.,PASS,AF=0.658043,ES:SE:LP:AF:ID,-8.54489e-05:0.000102034:0.39794:0.658043:rs13303179
1,825826,rs1361586138,CA,C,.,PASS,AF=0.0320149,ES:SE:LP:AF:ID,0.000205575:0.000316681:0.29243:0.0320149:rs1361586138
1,827141,rs141526553,T,C,.,PASS,AF=0.007016,ES:SE:LP:AF:ID,-0.000519645:0.000568504:0.443698:0.007016:rs141526553
1,827253,rs34232102,C,A,.,PASS,AF=0.045875,ES:SE:LP:AF:ID,-8.03398e-05:0.000253336:0.119186:0.045875:rs34232102
1,828166,rs13303117,A,G,.,PASS,AF=0.305742,ES:SE:LP:AF:ID,0.000104239:0.000105121:0.49485:0.305742:rs13303117
1,828539,rs149168804,A,T,.,PASS,AF=0.023256,ES:SE:LP:AF:ID,0.000317115:0.000326959:0.481486:0.023256:rs149168804
1,828883,rs55745762,G,A,.,PASS,AF=0.080465,ES:SE:LP:AF:ID,-0.000227059:0.000175255:0.721246:0.080465:rs55745762
1,829171,rs200615111,A,AAAAAAAAAAAATATATATATATATATATATATATAT,.,PASS,AF=0.00447933,ES:SE:LP:AF:ID,0.00042148:0.000692838:0.259637:0.00447933:rs200615111
1,829743,rs188967322,A,G,.,PASS,AF=0.007999,ES:SE:LP:AF:ID,-1.14381e-05:0.000573763:0.00436481:0.007999:rs188967322
1,830181,rs28444699,A,G,.,PASS,AF=0.697252,ES:SE:LP:AF:ID,-0.000119852:0.00010425:0.60206:0.697252:rs28444699
1,830791,rs184031231,C,T,.,PASS,AF=0.008906,ES:SE:LP:AF:ID,0.000899744:0.000524:1.06048:0.008906:rs184031231
1,831489,rs4970385,C,T,.,PASS,AF=0.705388,ES:SE:LP:AF:ID,-0.000147136:0.000102334:0.823909:0.705388:rs4970385
1,831909,rs9697642,C,T,.,PASS,AF=0.705433,ES:SE:LP:AF:ID,-0.000145434:0.00010233:0.79588:0.705433:rs9697642
1,832066,rs9697380,G,C,.,PASS,AF=0.705618,ES:SE:LP:AF:ID,-0.000146551:0.000102334:0.823909:0.705618:rs9697380
1,832112,rs9697725,T,C,.,PASS,AF=0.708236,ES:SE:LP:AF:ID,-0.000187264:0.000102769:1.16749:0.708236:rs9697725
1,832178,rs13302934,A,G,.,PASS,AF=0.708236,ES:SE:LP:AF:ID,-0.00018731:0.00010277:1.16749:0.708236:rs13302934
1,832297,rs34017275,C,CTG,.,PASS,AF=0.29284,ES:SE:LP:AF:ID,0.000185821:0.000102738:1.14874:0.29284:rs34017275
1,832318,rs4500250,C,A,.,PASS,AF=0.705647,ES:SE:LP:AF:ID,-0.000146825:0.000102344:0.823909:0.705647:rs4500250
1,832359,rs9697294,C,T,.,PASS,AF=0.023032,ES:SE:LP:AF:ID,-1.62897e-05:0.000310998:0.0132283:0.023032:rs9697294
1,832398,rs4553118,T,C,.,PASS,AF=0.730118,ES:SE:LP:AF:ID,-0.000163819:0.000105131:0.920819:0.730118:rs4553118
