Beta,SE,LP,AF,ID,beta,SNP
-0.000146825,0.000102344,0.823909,0.705647,rs4500250,-0.000146825,rs4500250
-0.000227059,0.000175255,0.721246,0.080465,rs55745762,-0.000227059,rs55745762
-0.00014794,0.000314447,0.200659,0.058685,rs540538026,-0.00014794,rs540538026
-8.03398e-05,0.000253336,0.119186,0.045875,rs34232102,-8.03398e-05,rs34232102
-8.54489e-05,0.000102034,0.39794,0.658043,rs13303179,-8.54489e-05,rs13303179
-0.00157175,0.0014532,0.552842,0.001084,rs58233623,-0.00157175,rs58233623
-0.000987983,0.000530975,1.19382,0.008657,rs180726295,-0.000987983,rs180726295
7.63072e-05,0.000180466,0.173925,0.191556,rs707680,7.63072e-05,rs707680
-0.000142681,0.000303685,0.200659,0.03996,rs143626389,-0.000142681,rs143626389
-0.00107482,0.000946741,0.585027,0.002444,rs187253977,-0.00107482,rs187253977
0.000187699,0.000344219,0.229148,0.045079,rs199856693,0.000187699,rs199856693
0.000514098,0.000300965,1.05061,0.027379,rs143695105,0.000514098,rs143695105
-0.000203859,0.000194337,0.537602,0.106598,rs75056396,-0.000203859,rs75056396
-0.000126183,0.000155786,0.376751,0.340398,rs74461805,-0.000126183,rs74461805
-6.27474e-05,0.00011354,0.221849,0.478141,rs80022136,-6.27474e-05,rs80022136
-6.35583e-05,0.000113599,0.221849,0.477975,rs72888851,-6.35583e-05,rs72888851
-3.62107e-05,0.000150333,0.09691,0.886666,rs4970388,-3.62107e-05,rs4970388
0.000122702,0.000175754,0.309804,0.21326,rs116400033,0.000122702,rs116400033
0.000141327,0.000197455,0.327902,0.154391,rs141149254,0.000141327,rs141149254
0.000555877,0.000586665,0.468521,0.006918,rs556723783,0.000555877,rs556723783
6.67483e-05,0.000141065,0.200659,0.124489,rs28410559,6.67483e-05,rs28410559
-0.000147607,0.000110495,0.744727,0.772609,rs11240779,-0.000147607,rs11240779
7.06424e-05,0.000254835,0.102373,0.089998,rs114420996,7.06424e-05,rs114420996
0.000121136,0.000170169,0.318759,0.085086,rs72631880,0.000121136,rs72631880
0.000350352,0.000180481,1.284,0.0766,rs545418299,0.000350352,rs545418299
0.000332728,0.000185823,1.14267,0.073566,rs551746123,0.000332728,rs551746123
0.00038754,0.000284494,0.769551,0.040905,rs796458342,0.00038754,rs796458342
-0.000139738,0.000193389,0.327902,0.158758,rs80011619,-0.000139738,rs80011619
-5.78159e-05,0.00026864,0.0861861,0.079579,rs62639104,-5.78159e-05,rs62639104
0.000136514,0.00011812,0.60206,0.227591,rs1557574948,0.000136514,rs1557574948
0.000100058,0.000117232,0.408935,0.351868,rs1557574948,0.000100058,rs1557574948
0.00021038,0.000116095,1.16115,0.206429,rs11240777,0.00021038,rs11240777
0.000332917,0.000171415,1.284,0.08151,rs12132517,0.000332917,rs12132517
-0.000138365,0.000117369,0.619789,0.731731,rs12076540,-0.000138365,rs12076540
0.000484739,0.00039105,0.657577,0.034093,rs1335672253,0.000484739,rs1335672253
0.000378207,0.000173152,1.5376,0.080379,rs12127425,0.000378207,rs12127425
0.000361343,0.00016039,1.61979,0.094511,rs6684487,0.000361343,rs6684487
8.5629e-05,0.000139687,0.275724,0.127884,rs111818025,8.5629e-05,rs111818025
-7.10739e-05,0.000273827,0.102373,0.07694,rs62641297,-7.10739e-05,rs62641297
-8.87925e-05,0.000159475,0.236572,0.098098,rs61768207,-8.87925e-05,rs61768207
-1.20012e-05,0.000134859,0.0315171,0.821154,rs1170107649,-1.20012e-05,rs1170107649
-0.000316781,0.000267443,0.619789,0.075448,rs139113303,-0.000316781,rs139113303
9.36908e-05,0.000139398,0.30103,0.127929,rs61768202,9.36908e-05,rs61768202
-8.026e-05,0.000137479,0.251812,0.868531,rs2905062,-8.026e-05,rs2905062
0.000678078,0.000680957,0.49485,0.005598,rs184266993,0.000678078,rs184266993
-0.000371605,0.00042551,0.420216,0.014362,rs185280546,-0.000371605,rs185280546
-9.43926e-05,0.000137483,0.309804,0.868779,rs2977612,-9.43926e-05,rs2977612
0.000105057,0.000138146,0.356547,0.129683,rs59066358,0.000105057,rs59066358
0.000247475,0.000152258,1,0.104835,rs371458725,0.000247475,rs371458725
-1.88125e-06,0.000270589,0.00436481,0.071686,rs940551,-1.88125e-06,rs940551
0.00026027,0.000151092,1.07058,0.10577,rs7518545,0.00026027,rs7518545
-6.43955e-05,0.000275046,0.091515,0.070337,rs113759966,-6.43955e-05,rs113759966
0.000152627,0.00026946,0.244125,0.080036,rs55700207,0.000152627,rs55700207
0.000242469,0.000149899,0.958607,0.106498,rs12562034,0.000242469,rs12562034
-8.07765e-05,0.000137002,0.259637,0.853895,rs2519015,-8.07765e-05,rs2519015
2.47983e-05,0.000133286,0.0655015,0.70675,rs3115847,2.47983e-05,rs3115847
-0.000360928,0.000262165,0.769551,0.078506,rs143856811,-0.000360928,rs143856811
-0.000101773,0.000140245,0.337242,0.870968,rs3131948,-0.000101773,rs3131948
0.000126091,0.000166034,0.356547,0.09932,rs12095200,0.000126091,rs12095200
-1.66668e-05,0.000144734,0.0457575,0.557461,rs1524604,-1.66668e-05,rs1524604
-0.000114639,0.000138525,0.39794,0.865237,rs3115849,-0.000114639,rs3115849
5.52767e-05,0.00025963,0.0705811,0.035945,rs377377186,5.52767e-05,rs377377186
1.81472e-05,0.000253095,0.0177288,0.037037,rs148828841,1.81472e-05,rs148828841
-0.000125863,0.000139921,0.443698,0.87368,rs3115851,-0.000125863,rs3115851
-1.77858e-05,0.000160736,0.0409586,0.09889,rs10157329,-1.77858e-05,rs10157329
2.93211e-05,0.000302427,0.0268721,0.029799,rs147648542,2.93211e-05,rs147648542
2.74646e-05,0.000248435,0.0315171,0.037601,rs114525117,2.74646e-05,rs114525117
-0.000120008,0.000137406,0.420216,0.869097,rs1360886751,-0.000120008,rs1360886751
-8.22498e-05,0.000124798,0.29243,0.779528,rs11240773,-8.22498e-05,rs11240773
-0.000115113,0.000137064,0.39794,0.867897,rs3115853,-0.000115113,rs3115853
-0.000371262,0.000330178,0.585027,0.049949,rs147502335,-0.000371262,rs147502335
-7.24083e-06,0.000125714,0.0177288,0.514568,rs3131963,-7.24083e-06,rs3131963
-5.4735e-05,0.000135059,0.167491,0.774949,rs12567639,-5.4735e-05,rs12567639
-0.000132515,0.00025192,0.221849,0.090361,rs564576411,-0.000132515,rs564576411
-0.000348597,0.000223239,0.920819,0.124888,rs144169752,-0.000348597,rs144169752
-0.000136828,0.000128419,0.537602,0.838023,rs3115859,-0.000136828,rs3115859
-4.35217e-05,0.00070698,0.0177288,0.005122,rs150578204,-4.35217e-05,rs150578204
3.81965e-05,0.000249562,0.0457575,0.03754,rs12184313,3.81965e-05,rs12184313
0.000125529,0.000138345,0.443698,0.129877,rs1388595942,0.000125529,rs1388595942
-0.000119823,0.000138058,0.420216,0.869774,rs3115860,-0.000119823,rs3115860
0.000180649,0.000251082,0.309804,0.037942,rs149886465,0.000180649,rs149886465
-0.000131499,0.00012889,0.508638,0.838941,rs3094315,-0.000131499,rs3094315
-0.00017733,0.000371202,0.207608,0.042701,rs368130516,-0.00017733,rs368130516
-5.80781e-06,0.000254366,0.0177288,0.036827,rs146277091,-5.80781e-06,rs146277091
8.82527e-05,0.000141979,0.275724,0.123775,rs28544273,8.82527e-05,rs28544273
-0.000324607,0.000449482,0.337242,0.01526,rs1294602442,-0.000324607,rs1294602442
6.21982e-05,0.000258195,0.0861861,0.052951,rs1316629424,6.21982e-05,rs1316629424
8.38482e-05,0.000336138,0.09691,0.049091,rs202206030,8.38482e-05,rs202206030
-0.000330752,0.000455176,0.337242,0.015068,rs189811062,-0.000330752,rs189811062
0.000304096,0.000289397,0.522879,0.034464,rs144595511,0.000304096,rs144595511
-8.03162e-05,0.000263648,0.113509,0.086953,rs375803869,-8.03162e-05,rs375803869
-0.000146838,0.000278432,0.221849,0.039422,rs201920982,-0.000146838,rs201920982
0.000248357,0.000316427,0.356547,0.029669,rs1241243936,0.000248357,rs1241243936
-0.000230702,0.000282,0.366532,0.960804,rs3094317,-0.000230702,rs3094317
0.000518149,0.000407663,0.69897,0.019041,rs140206562,0.000518149,rs140206562
0.00021333,0.000280326,0.337242,0.035939,rs2905050,0.00021333,rs2905050
0.00027334,0.000283275,0.455932,0.036735,rs2427919,0.00027334,rs2427919
6.79404e-06,0.00014354,0.0132283,0.132337,rs1254887344,6.79404e-06,rs1254887344
0.000229843,0.00028611,0.366532,0.037585,rs12405651,0.000229843,rs12405651
0.000183754,0.000232627,0.366532,0.052165,rs116587930,0.000183754,rs116587930
0.000248706,0.000282751,0.408935,0.036705,rs1315843244,0.000248706,rs1315843244
8.10104e-05,0.000326026,0.102373,0.05246,rs9283150,8.10104e-05,rs9283150
6.4601e-05,0.000136089,0.19382,0.463395,rs1557540695,6.4601e-05,rs1557540695
-0.000171496,0.000138048,0.657577,0.52682,rs1436151564,-0.000171496,rs1436151564
-0.000209933,0.000450519,0.19382,0.031451,rs12126395,-0.000209933,rs12126395
0.000246259,0.000281673,0.408935,0.03714,rs753164112,0.000246259,rs753164112
0.000178572,0.000274449,0.275724,0.040411,rs11804171,0.000178572,rs11804171
0.000250093,0.000286246,0.39794,0.03648,rs756475475,0.000250093,rs756475475
0.000952538,0.000402787,1.76955,0.016407,rs144155419,0.000952538,rs144155419
-3.07346e-05,0.000261451,0.05061,0.036442,rs12184279,-3.07346e-05,rs12184279
-0.000160634,0.000287789,0.229148,0.957845,rs12028261,-0.000160634,rs12028261
0.000254253,0.000198669,0.69897,0.139512,rs1972379,0.000254253,rs1972379
-0.000155395,0.000354663,0.180456,0.041438,rs368638493,-0.000155395,rs368638493
0.0001157,0.000251539,0.19382,0.046762,rs200531508,0.0001157,rs200531508
-0.00014024,0.000128183,0.568636,0.742238,rs1201760444,-0.00014024,rs1201760444
-0.000105701,0.000224777,0.200659,0.067291,rs72631875,-0.000105701,rs72631875
0.000204728,0.000303051,0.30103,0.050693,rs142559957,0.000204728,rs142559957
-0.000148455,0.000371936,0.154902,0.043033,rs568242848,-0.000148455,rs568242848
-8.9516e-05,0.000128811,0.309804,0.630563,rs201222573,-8.9516e-05,rs201222573
9.59169e-05,0.000166035,0.251812,0.110692,rs61769339,9.59169e-05,rs61769339
-0.000516039,0.000342533,0.886057,0.047567,rs185127847,-0.000516039,rs185127847
5.22597e-05,0.00027663,0.0705811,0.925773,rs577801075,5.22597e-05,rs577801075
0.000191781,0.000244564,0.356547,0.092803,rs368347679,0.000191781,rs368347679
-6.31197e-05,0.000158027,0.154902,0.284687,rs6650105,-6.31197e-05,rs6650105
-7.33358e-05,0.00020713,0.142668,0.143252,rs149524355,-7.33358e-05,rs149524355
8.99646e-05,0.000142318,0.275724,0.362499,rs6594032,8.99646e-05,rs6594032
-0.000163819,0.000105131,0.920819,0.730118,rs4553118,-0.000163819,rs4553118
3.59358e-05,0.000269332,0.0409586,0.034444,rs374493323,3.59358e-05,rs374493323
-0.000134261,0.000129279,0.522879,0.839587,rs3131971,-0.000134261,rs3131971
-0.000187264,0.000102769,1.16749,0.708236,rs9697725,-0.000187264,rs9697725
-1.21181e-05,0.000213333,0.0177288,0.134345,rs75654607,-1.21181e-05,rs75654607
-5.85487e-05,0.000267516,0.0861861,0.075282,rs368120791,-5.85487e-05,rs368120791
-0.000146551,0.000102334,0.823909,0.705618,rs9697380,-0.000146551,rs9697380
2.27649e-05,0.00021154,0.0409586,0.13761,rs78639846,2.27649e-05,rs78639846
0.000345113,0.000253288,0.769551,0.069881,rs202025951,0.000345113,rs202025951
0.000188224,0.000183402,0.522879,0.096076,rs545945172,0.000188224,rs545945172
-0.000519645,0.000568504,0.443698,0.007016,rs141526553,-0.000519645,rs141526553
0.000208846,0.000217749,0.468521,0.134135,rs531730856,0.000208846,rs531730856
-5.54484e-05,0.000110461,0.207608,0.740961,rs4475692,-5.54484e-05,rs4475692
-0.000116461,0.000137593,0.39794,0.138699,rs7538305,-0.000116461,rs7538305
0.000136703,0.000414512,0.130768,0.018852,rs539032812,0.000136703,rs539032812
-0.0004895,0.000564013,0.420216,0.007163,rs190872293,-0.0004895,rs190872293
0.000117267,0.00025067,0.187087,0.107133,rs530588710,0.000117267,rs530588710
-0.000313337,0.000295161,0.522879,0.062712,rs540662756,-0.000313337,rs540662756
6.09766e-05,0.000212339,0.113509,0.137449,rs377573539,6.09766e-05,rs377573539
-4.3934e-05,0.000321833,0.0604807,0.049246,rs190214723,-4.3934e-05,rs190214723
2.53493e-05,0.000164244,0.0555173,0.623767,rs10399793,2.53493e-05,rs10399793
8.98454e-05,0.000165144,0.229148,0.112197,rs61769351,8.98454e-05,rs61769351
0.000323143,0.000315947,0.49485,0.03257,rs189800799,0.000323143,rs189800799
-9.51471e-05,0.000484611,0.0705811,0.010948,rs4970340,-9.51471e-05,rs4970340
0.000680836,0.000300665,1.61979,0.027487,rs114224245,0.000680836,rs114224245
-0.000108156,0.000160966,0.29243,0.094987,rs58686784,-0.000108156,rs58686784
-8.51824e-05,0.000112403,0.346787,0.775652,rs1557576983,-8.51824e-05,rs1557576983
-4.63707e-06,0.000173244,0.00877392,0.09699,rs371890604,-4.63707e-06,rs371890604
2.63491e-05,0.000262438,0.0362122,0.072572,rs78250985,2.63491e-05,rs78250985
0.000271488,0.000162416,1.02228,0.196632,rs2853819,0.000271488,rs2853819
0.000491333,0.000358765,0.744727,0.027098,rs373285923,0.000491333,rs373285923
-2.85862e-05,0.000255873,0.0409586,0.088788,rs62637815,-2.85862e-05,rs62637815
0.000493322,0.000333906,0.853872,0.025309,rs145942548,0.000493322,rs145942548
0.000350207,0.000180478,1.284,0.076601,rs376110660,0.000350207,rs376110660
0.000332732,0.000185824,1.14267,0.073566,rs534659898,0.000332732,rs534659898
-3.81159e-05,0.000151846,0.091515,0.382184,rs28664618,-3.81159e-05,rs28664618
-9.75799e-05,0.00028683,0.142668,0.03301,rs149887893,-9.75799e-05,rs149887893
0.00035733,0.000178623,1.34679,0.07781,rs562238357,0.00035733,rs562238357
-0.00011906,0.000271993,0.180456,0.070781,rs367789441,-0.00011906,rs367789441
-0.000558192,0.000399769,0.79588,0.034636,rs528621909,-0.000558192,rs528621909
-9.87982e-05,0.000116302,0.39794,0.624249,rs1557574948,-9.87982e-05,rs1557574948
0.000378398,0.000173215,1.5376,0.079536,rs12134490,0.000378398,rs12134490
7.59626e-05,0.000143469,0.229148,0.121585,rs61768212,7.59626e-05,rs61768212
-3.47893e-05,0.000257671,0.0604807,0.037078,rs12565286,-3.47893e-05,rs12565286
-0.000366313,0.000224258,1,0.051968,rs145665953,-0.000366313,rs145665953
-0.000302302,0.000187486,0.958607,0.101197,rs116030099,-0.000302302,rs116030099
0.000335143,0.000171577,1.29243,0.081359,rs147634896,0.000335143,rs147634896
0.000226965,0.000284004,0.356547,0.036736,rs200325929,0.000226965,rs200325929
4.04069e-05,0.000170609,0.0861861,0.751221,rs200676709,4.04069e-05,rs200676709
5.15478e-05,0.000248951,0.0861861,0.959088,rs2977670,5.15478e-05,rs2977670
0.000423737,0.000279515,0.886057,0.064004,rs535902969,0.000423737,rs535902969
7.14604e-05,0.000145894,0.207608,0.119258,rs58013264,7.14604e-05,rs58013264
0.000335502,0.000171842,1.29243,0.081323,rs1338750774,0.000335502,rs1338750774
6.4601e-05,0.000136089,0.19382,0.463395,rs1557540695,6.4601e-05,rs1557540695
0.000347245,0.000173188,1.34679,0.080591,rs1347695410,0.000347245,rs1347695410
8.09076e-05,0.000143556,0.244125,0.123825,rs1338880683,8.09076e-05,rs1338880683
2.51166e-05,0.000301395,0.0362122,0.061332,rs6594030,2.51166e-05,rs6594030
-0.000434659,0.000622152,0.309804,0.006029,rs1250996334,-0.000434659,rs1250996334
-6.34254e-05,0.00011597,0.236572,0.706001,rs2519067,-6.34254e-05,rs2519067
0.000122595,0.000135707,0.431798,0.465453,rs1557542741,0.000122595,rs1557542741
3.24056e-05,0.000178269,0.0655015,0.176494,rs373293973,3.24056e-05,rs373293973
-7.47021e-05,0.000138146,0.236572,0.866741,rs2980306,-7.47021e-05,rs2980306
-7.69809e-05,0.000137566,0.244125,0.868472,rs2980300,-7.69809e-05,rs2980300
-0.000266341,0.000260193,0.508638,0.103555,rs114608975,-0.000266341,rs114608975
0.000131673,0.000215265,0.267606,0.055911,rs148120343,0.000131673,rs148120343
0.000113848,0.000145532,0.366532,0.12231,rs58276399,0.000113848,rs58276399
7.49683e-05,0.000155389,0.200659,0.12153,rs61770163,7.49683e-05,rs61770163
-0.000332465,0.000427347,0.366532,0.014319,rs145767270,-0.000332465,rs145767270
0.000249502,0.000232027,0.552842,0.070614,rs12131618,0.000249502,rs12131618
-0.00032781,0.000268169,0.638272,0.076133,rs116504101,-0.00032781,rs116504101
0.000157337,0.000498124,0.124939,0.009592,rs149821290,0.000157337,rs149821290
0.00012015,0.000145592,0.387216,0.121552,rs141242758,0.00012015,rs141242758
0.000275868,0.000228632,0.638272,0.097672,rs138174321,0.000275868,rs138174321
-9.24055e-05,0.000138557,0.30103,0.868555,rs1327209068,-9.24055e-05,rs1327209068
9.74373e-05,0.000144341,0.30103,0.343569,rs386627398,9.74373e-05,rs386627398
0.000430656,0.000521516,0.387216,0.011135,rs181876450,0.000430656,rs181876450
-0.000108108,0.000137527,0.366532,0.868915,rs2905039,-0.000108108,rs2905039
-0.000107916,0.000137525,0.366532,0.868905,rs2977605,-0.000107916,rs2977605
-1.63825e-05,0.000273671,0.0222764,0.070041,rs143215837,-1.63825e-05,rs143215837
0.000135319,0.000159814,0.387216,0.233036,rs772345152,0.000135319,rs772345152
-0.00018474,0.000108813,1.05061,0.761287,rs2977608,-0.00018474,rs2977608
6.55315e-05,0.0001479,0.180456,0.299582,rs113633859,6.55315e-05,rs113633859
2.25833e-06,0.000153516,0.00436481,0.105145,rs61768174,2.25833e-06,rs61768174
-1.60906e-05,0.000144802,0.0409586,0.558712,rs376723915,-1.60906e-05,rs376723915
-0.00011783,0.000140171,0.39794,0.870605,rs3131949,-0.00011783,rs3131949
-0.000117833,0.000140169,0.39794,0.870606,rs772021405,-0.000117833,rs772021405
5.15462e-05,0.000152591,0.130768,0.23459,rs3964475,5.15462e-05,rs3964475
0.000119049,0.000283836,0.161151,0.032349,rs551857018,0.000119049,rs551857018
-0.000124465,0.000128238,0.481486,0.838425,rs3115850,-0.000124465,rs3115850
-0.000166217,0.000364526,0.180456,0.042733,rs4120676,-0.000166217,rs4120676
-3.50867e-05,0.000144634,0.09691,0.66253,rs1491015965,-3.50867e-05,rs1491015965
3.99489e-05,0.000343757,0.0409586,0.042541,rs576842010,3.99489e-05,rs576842010
3.53945e-05,0.000250976,0.0409586,0.037302,rs1557552299,3.53945e-05,rs1557552299
1.22476e-05,0.000290805,0.00877392,0.031386,rs368197182,1.22476e-05,rs368197182
0.000295035,0.000308534,0.455932,0.038771,rs1197087575,0.000295035,rs1197087575
-0.000126199,0.000152426,0.39794,0.299541,rs75909375,-0.000126199,rs75909375
0.000106437,0.000140533,0.356547,0.126876,rs61768170,0.000106437,rs61768170
-0.000152034,0.000138947,0.568636,0.342094,rs549844831,-0.000152034,rs549844831
0.000231547,0.000130218,1.11919,0.409263,rs1247458199,0.000231547,rs1247458199
5.23391e-05,0.000331621,0.05061,0.026963,rs369157130,5.23391e-05,rs369157130
8.94236e-05,0.000141784,0.283997,0.123886,rs28527770,8.94236e-05,rs28527770
0.000157746,0.000280292,0.244125,0.073125,rs60396226,0.000157746,rs60396226
9.64335e-05,0.00032049,0.107905,0.028189,rs1557550576,9.64335e-05,rs1557550576
6.51611e-05,0.000309917,0.0705811,0.029055,rs1439874801,6.51611e-05,rs1439874801
-0.000119717,0.00013781,0.420216,0.86912,rs3131967,-0.000119717,rs3131967
2.47652e-05,0.000277604,0.0222764,0.033168,rs12184336,2.47652e-05,rs12184336
-8.06894e-05,0.000140413,0.251812,0.874571,rs1431026348,-8.06894e-05,rs1431026348
-7.58371e-06,0.000351618,0.00877392,0.040053,rs554693544,-7.58371e-06,rs554693544
0.000187743,0.000138059,0.744727,0.413266,rs9283154,0.000187743,rs9283154
-0.000115779,0.000128845,0.431798,0.835606,rs2073814,-0.000115779,rs2073814
2.30519e-05,0.000295275,0.0222764,0.067592,rs375136935,2.30519e-05,rs375136935
-0.00018731,0.00010277,1.16749,0.708236,rs13302934,-0.00018731,rs13302934
1.45948e-05,0.000215298,0.0268721,0.131573,rs148329687,1.45948e-05,rs148329687
-8.28835e-06,0.000266003,0.0177288,0.034769,rs12184335,-8.28835e-06,rs12184335
-0.00013588,0.000128777,0.537602,0.83857,rs3131972,-0.00013588,rs3131972
-0.000120193,0.000137813,0.420216,0.869116,rs3131969,-0.000120193,rs3131969
-0.000112179,0.000137868,0.387216,0.869213,rs3131968,-0.000112179,rs3131968
-0.000125692,0.000195415,0.275724,0.168232,rs79571896,-0.000125692,rs79571896
-0.000253031,0.000243074,0.537602,0.105261,rs369556846,-0.000253031,rs369556846
-0.000119852,0.00010425,0.60206,0.697252,rs28444699,-0.000119852,rs28444699
-1.14381e-05,0.000573763,0.00436481,0.007999,rs188967322,-1.14381e-05,rs188967322
3.05027e-05,0.000207937,0.0604807,0.144907,rs112455420,3.05027e-05,rs112455420
4.85947e-05,0.000249914,0.0655015,0.037553,rs10454459,4.85947e-05,rs10454459
2.38045e-05,0.000258021,0.0268721,0.036378,rs10454460,2.38045e-05,rs10454460
2.45201e-05,0.000276828,0.0222764,0.033725,rs10454461,2.45201e-05,rs10454461
0.000180538,0.000236391,0.346787,0.086225,rs544419019,0.000180538,rs544419019
-0.000559535,0.000448961,0.677781,0.013772,rs181660517,-0.000559535,rs181660517
0.000184467,0.00025439,0.318759,0.037434,rs372531941,0.000184467,rs372531941
1.87033e-05,0.00031732,0.0177288,0.054026,rs182870673,1.87033e-05,rs182870673
0.000672292,0.000692547,0.481486,0.005547,rs1557550616,0.000672292,rs1557550616
0.000104239,0.000105121,0.49485,0.305742,rs13303117,0.000104239,rs13303117
-0.000152748,0.000130475,0.619789,0.839767,rs3131965,-0.000152748,rs3131965
0.000190051,0.000186081,0.508638,0.189177,rs62635286,0.000190051,rs62635286
0.000190051,0.000186081,0.508638,0.189177,rs62028691,0.000190051,rs62028691
7.63072e-05,0.000180466,0.173925,0.191556,rs1418508701,7.63072e-05,rs1418508701
0.000109803,0.000131863,0.387216,0.696837,rs12045157,0.000109803,rs12045157
-2.70338e-05,0.000171256,0.0604807,0.103916,rs35660652,-2.70338e-05,rs35660652
3.65473e-05,0.00014003,0.102373,0.473818,rs6682385,3.65473e-05,rs6682385
5.75894e-05,0.000161922,0.130768,0.741354,rs3982632,5.75894e-05,rs3982632
-0.000365041,0.000460543,0.366532,0.011585,rs1235438280,-0.000365041,rs1235438280
-3.2105e-05,0.000152856,0.0809219,0.291645,rs75448039,-3.2105e-05,rs75448039
-0.000117894,0.000137283,0.408935,0.868945,rs3131962,-0.000117894,rs3131962
0.000190634,0.000292466,0.29243,0.032959,rs6699990,0.000190634,rs6699990
-0.000203859,0.000194337,0.537602,0.106598,rs201597505,-0.000203859,rs201597505
-0.000515038,0.000491159,0.537602,0.009316,rs149628520,-0.000515038,rs149628520
-7.54192e-05,0.000173427,0.173925,0.216584,rs62642125,-7.54192e-05,rs62642125
0.000167698,0.000153418,0.568636,0.116326,rs12238997,0.000167698,rs12238997
5.74006e-05,0.000123762,0.19382,0.303971,rs4468103,5.74006e-05,rs4468103
-6.96454e-05,0.000177353,0.161151,0.127898,rs3131957,-6.96454e-05,rs3131957
-0.000120106,0.000137409,0.420216,0.869105,rs3131956,-0.000120106,rs3131956
3.48594e-05,0.000252818,0.05061,0.092954,rs539322794,3.48594e-05,rs539322794
0.000133421,0.000299103,0.173925,0.030305,rs1557552244,0.000133421,rs1557552244
-0.000106275,0.000379489,0.119186,0.023044,rs374312068,-0.000106275,rs374312068
6.97784e-06,0.000152192,0.0132283,0.890793,rs4246499,6.97784e-06,rs4246499
0.000327888,0.000337056,0.49485,0.055749,rs1557498752,0.000327888,rs1557498752
-0.00012499,0.000113686,0.568636,0.515637,rs963699400,-0.00012499,rs963699400
0.000380543,0.000389649,0.468521,0.021808,rs143204076,0.000380543,rs143204076
0.000141428,0.000153179,0.443698,0.101251,rs57181708,0.000141428,rs57181708
-0.000151165,0.000309908,0.200659,0.06098,rs61769294,-0.000151165,rs61769294
3.44873e-05,0.000257091,0.0409586,0.036434,rs145098582,3.44873e-05,rs145098582
0.000214101,0.000298148,0.309804,0.037012,rs1320856380,0.000214101,rs1320856380
0.000493322,0.00033388,0.853872,0.025311,rs139794146,0.000493322,rs139794146
0.000226059,0.000298624,0.337242,0.036267,rs570631764,0.000226059,rs570631764
0.000241684,0.000290989,0.376751,0.038148,rs114983708,0.000241684,rs114983708
-1.93746e-05,0.000265367,0.0315171,0.080983,rs62637817,-1.93746e-05,rs62637817
1.55443e-06,0.000241677,0.00436481,0.105454,rs544194668,1.55443e-06,rs544194668
0.000343449,0.000181139,1.24413,0.076179,rs573479201,0.000343449,rs573479201
0.000342967,0.000181131,1.23657,0.0762,rs553317956,0.000342967,rs553317956
0.000443683,0.000371333,0.619789,0.027126,rs141232927,0.000443683,rs141232927
0.000180538,0.000236391,0.346787,0.086225,rs575272151,0.000180538,rs575272151
0.000308906,0.000182839,1.04576,0.07532,rs372466154,0.000308906,rs372466154
-3.35676e-05,0.000259592,0.0555173,0.036742,rs12184277,-3.35676e-05,rs12184277
4.8181e-05,0.000143087,0.136677,0.335115,rs1856866,4.8181e-05,rs1856866
-9.2192e-05,0.000411557,0.0861861,0.032919,rs140739101,-9.2192e-05,rs140739101
-0.000117831,0.000140169,0.39794,0.870606,rs1209077270,-0.000117831,rs1209077270
0.000319134,0.000366878,0.39794,0.028026,rs2519062,0.000319134,rs2519062
0.000282732,0.000228334,0.677781,0.913472,rs12025928,0.000282732,rs12025928
0.000249069,0.000285218,0.39794,0.036791,rs187772768,0.000249069,rs187772768
0.00011038,0.000140381,0.366532,0.126446,rs7515915,0.00011038,rs7515915
-0.0001874,0.000383693,0.200659,0.01479,rs79373928,-0.0001874,rs79373928
0.0002552,0.000285202,0.420216,0.036718,rs28659788,0.0002552,rs28659788
-0.000130176,0.00016427,0.366532,0.807863,rs2427917,-0.000130176,rs2427917
-0.00031434,0.000267306,0.60206,0.076694,rs186575039,-0.00031434,rs186575039
0.000216035,0.000116045,1.20761,0.2066,rs10900604,0.000216035,rs10900604
0.00010684,0.000138229,0.356547,0.129582,rs60320384,0.00010684,rs60320384
6.42573e-05,0.000161646,0.161151,0.246269,rs3021087,6.42573e-05,rs3021087
0.00123016,0.000525506,1.69897,0.009381,rs146076599,0.00123016,rs146076599
0.000172969,0.000274806,0.283997,0.071825,rs6594031,0.000172969,rs6594031
0.000484739,0.00039105,0.657577,0.034093,rs13328700,0.000484739,rs13328700
0.000346839,0.00017191,1.35655,0.081366,rs12131377,0.000346839,rs12131377
0.000112097,0.000225613,0.21467,0.104163,rs6594028,0.000112097,rs6594028
-7.06748e-05,0.00027376,0.102373,0.077135,rs563953605,-7.06748e-05,rs563953605
0.000214121,0.000268993,0.356547,0.038429,rs10454457,0.000214121,rs10454457
-2.00662e-05,0.000259354,0.0362122,0.036595,rs28454925,-2.00662e-05,rs28454925
-0.000201765,0.000197286,0.522879,0.922476,rs2905030,-0.000201765,rs2905030
9.14071e-05,0.00013817,0.30103,0.129716,rs61768182,9.14071e-05,rs61768182
-9.41417e-05,0.000137485,0.309804,0.868829,rs2905035,-9.41417e-05,rs2905035
-9.88586e-05,0.000121583,0.376751,0.265383,rs12124819,-9.88586e-05,rs12124819
-0.000714632,0.000296129,1.82391,0.966465,rs1044922,-0.000714632,rs1044922
-0.000343308,0.000264035,0.69897,0.077503,rs367666799,-0.000343308,rs367666799
-1.14233e-05,0.000369728,0.00877392,0.040101,rs773166169,-1.14233e-05,rs773166169
8.37622e-05,0.000138327,0.267606,0.128581,rs1055606,8.37622e-05,rs1055606
8.84741e-05,0.000138098,0.283997,0.128878,rs4040617,8.84741e-05,rs4040617
3.62685e-05,0.000235782,0.0555173,0.109642,rs115209712,3.62685e-05,rs115209712
-0.000292298,0.00045957,0.283997,0.014733,rs528515178,-0.000292298,rs528515178
-4.15283e-05,0.00015572,0.102373,0.101873,rs1391043716,-4.15283e-05,rs1391043716
0.000143576,0.000153173,0.455932,0.782654,rs1557542741,0.000143576,rs1557542741
-9.86568e-05,0.000138978,0.327902,0.870867,rs2905056,-9.86568e-05,rs2905056
0.00015612,0.000292874,0.229148,0.934358,rs28753393,0.00015612,rs28753393
-0.000322451,0.000267384,0.619789,0.075475,rs149189449,-0.000322451,rs149189449
-0.000102418,0.000133134,0.346787,0.843202,rs4951859,-0.000102418,rs4951859
8.91022e-05,0.000139524,0.283997,0.127394,rs6686696,8.91022e-05,rs6686696
-0.000333733,0.000427303,0.366532,0.014325,rs138555831,-0.000333733,rs138555831
-4.97383e-05,0.000152917,0.130768,0.352797,rs201754587,-4.97383e-05,rs201754587
-4.99785e-05,0.000256989,0.0809219,0.036912,rs116720794,-4.99785e-05,rs116720794
0.000266095,0.000293127,0.420216,0.034814,rs559238700,0.000266095,rs559238700
0.000650985,0.000436468,0.853872,0.015025,rs142849724,0.000650985,rs142849724
2.13922e-05,0.000457739,0.0132283,0.030811,rs115093905,2.13922e-05,rs115093905
-0.000148861,0.000289892,0.221849,0.060944,rs536406113,-0.000148861,rs536406113
9.5921e-05,0.000138088,0.318759,0.129519,rs6594026,9.5921e-05,rs6594026
-5.24388e-05,0.000137453,0.154902,0.860774,rs2905055,-5.24388e-05,rs2905055
8.88409e-05,0.000138802,0.283997,0.128466,rs3863622,8.88409e-05,rs3863622
-8.2736e-05,0.000137569,0.267606,0.861485,rs2905054,-8.2736e-05,rs2905054
-8.06325e-05,0.000138043,0.259637,0.869223,rs2905053,-8.06325e-05,rs2905053
0.000220808,0.000139185,0.958607,0.38227,rs6594029,0.000220808,rs6594029
0.000246174,0.000357999,0.309804,0.025709,rs369030935,0.000246174,rs369030935
-0.000184602,0.000381781,0.207608,0.041463,rs571136476,-0.000184602,rs571136476
0.000330132,0.000159616,1.42022,0.095148,rs112618790,0.000330132,rs112618790
-7.10739e-05,0.000273827,0.102373,0.07694,rs563593912,-7.10739e-05,rs563593912
-8.82018e-05,0.000137811,0.283997,0.870038,rs2980319,-8.82018e-05,rs2980319
-0.000585475,0.000523008,0.585027,0.00858,rs151160018,-0.000585475,rs151160018
0.000130698,0.000137851,0.468521,0.519316,rs1578391,0.000130698,rs1578391
0.000363042,0.000502884,0.327902,0.013302,rs1387547637,0.000363042,rs1387547637
-0.000315814,0.0002673,0.60206,0.076729,rs139490478,-0.000315814,rs139490478
-6.25637e-05,0.000134528,0.19382,0.828311,rs2519006,-6.25637e-05,rs2519006
0.000294439,0.000285689,0.508638,0.036603,rs375619475,0.000294439,rs375619475
0.000120609,0.000142504,0.408935,0.143055,rs59380221,0.000120609,rs59380221
0.000335812,0.000171942,1.29243,0.081506,rs12132398,0.000335812,rs12132398
-7.72669e-05,0.000358293,0.0809219,0.053254,rs1445661281,-7.72669e-05,rs1445661281
0.000194131,0.000173836,0.585027,0.208348,rs940550,0.000194131,rs940550
-0.000611682,0.000539653,0.60206,0.008317,rs112563271,-0.000611682,rs112563271
1.70032e-05,0.000168889,0.0362122,0.227297,rs7416152,1.70032e-05,rs7416152
0.000423759,0.000339935,0.657577,0.047923,rs75234795,0.000423759,rs75234795
-7.05307e-06,0.000190304,0.0132283,0.144708,rs1342830210,-7.05307e-06,rs1342830210
-0.000322836,0.000171071,1.22915,0.917998,rs4951864,-0.000322836,rs4951864
-0.000599446,0.000536849,0.585027,0.008313,rs12562811,-0.000599446,rs12562811
-0.00029923,0.000343356,0.408935,0.045267,rs55973403,-0.00029923,rs55973403
-4.50863e-06,0.000267729,0.00877392,0.073875,rs200505207,-4.50863e-06,rs200505207
-0.00031434,0.000267306,0.60206,0.076694,rs375955515,-0.00031434,rs375955515
0.000604949,0.000444681,0.769551,0.013401,rs149363311,0.000604949,rs149363311
2.27373e-05,0.000214455,0.0362122,0.053066,rs143609865,2.27373e-05,rs143609865
-0.000314757,0.000169149,1.20066,0.915793,rs4951931,-0.000314757,rs4951931
0.000337638,0.000176921,1.23657,0.193279,rs879996973,0.000337638,rs879996973
-3.20086e-05,0.000258567,0.0555173,0.036982,rs116801199,-3.20086e-05,rs116801199
-0.000360818,0.00067361,0.229148,0.005695,rs61770167,-0.000360818,rs61770167
0.000376013,0.000173129,1.52288,0.07962,rs12132974,0.000376013,rs12132974
0.000104563,0.000178839,0.244125,0.214523,rs138808727,0.000104563,rs138808727
0.000376309,0.00017299,1.52288,0.079707,rs17276806,0.000376309,rs17276806
-0.000374634,0.000169909,1.56864,0.916587,rs7516866,-0.000374634,rs7516866
1.61343e-06,0.000213931,0.00877392,0.069343,rs202009397,1.61343e-06,rs202009397
1.93093e-05,0.000160214,0.0409586,0.456842,rs1251109649,1.93093e-05,rs1251109649
8.63098e-05,0.000174282,0.207608,0.225671,rs147061536,8.63098e-05,rs147061536
0.000310803,0.000323544,0.468521,0.028324,rs1557574948,0.000310803,rs1557574948
0.000360128,0.000180805,1.33724,0.076364,rs1330617682,0.000360128,rs1330617682
0.000360124,0.000180805,1.33724,0.076364,rs1330617682,0.000360124,rs1330617682
0.000372127,0.000178793,1.4318,0.077943,rs1250306677,0.000372127,rs1250306677
7.18856e-05,0.000145399,0.207608,0.120999,rs1557575256,7.18856e-05,rs1557575256
0.000370198,0.000172905,1.49485,0.079633,rs139867617,0.000370198,rs139867617
-3.55036e-05,0.000260574,0.0604807,0.036626,rs12184267,-3.55036e-05,rs12184267
-0.000380857,0.00042608,0.420216,0.033492,rs367588992,-0.000380857,rs367588992
-4.75377e-05,0.000247219,0.0809219,0.047098,rs115523412,-4.75377e-05,rs115523412
-0.00033771,0.000194281,1.07572,0.133489,rs1064272,-0.00033771,rs1064272
0.000297073,0.000141262,1.4437,0.438272,rs3844233,0.000297073,rs3844233
0.000301117,0.000178367,1.04096,0.077936,rs537050962,0.000301117,rs537050962
-9.79458e-05,0.000138493,0.318759,0.868322,rs1057213,-9.79458e-05,rs1057213
-9.48405e-05,0.000136998,0.309804,0.862253,rs2286139,-9.48405e-05,rs2286139
3.00823e-05,0.000291873,0.0268721,0.031589,rs377214516,3.00823e-05,rs377214516
0.000350335,0.000180479,1.284,0.076601,rs372180314,0.000350335,rs372180314
-0.000152395,0.000397805,0.148742,0.036372,rs556186494,-0.000152395,rs556186494
0.000264913,0.000275853,0.455932,0.040462,rs2427898,0.000264913,rs2427898
1.66342e-05,0.000287666,0.0177288,0.062058,rs139153227,1.66342e-05,rs139153227
6.82539e-05,0.000143313,0.200659,0.12143,rs7526310,6.82539e-05,rs7526310
-0.00012325,0.000128148,0.468521,0.838304,rs1048488,-0.00012325,rs1048488
0.000279846,0.000386395,0.327902,0.015961,rs192742681,0.000279846,rs192742681
0.000209545,0.000262061,0.376751,0.079472,rs373360530,0.000209545,rs373360530
0.000148446,0.00015505,0.468521,0.099359,rs1557576983,0.000148446,rs1557576983
9.31796e-05,0.000167186,0.244125,0.253776,rs28396308,9.31796e-05,rs28396308
-0.00011994,0.00011068,0.552842,0.772836,rs1247187939,-0.00011994,rs1247187939
0.000119347,0.000147467,0.387216,0.269045,rs189259765,0.000119347,rs189259765
-0.000118042,0.000148614,0.366532,0.41737,rs1166278911,-0.000118042,rs1166278911
0.000266429,0.000183009,0.853872,0.240961,rs6680723,0.000266429,rs6680723
-0.000395815,0.000332807,0.619789,0.050997,rs550285297,-0.000395815,rs550285297
0.000170172,0.000240751,0.309804,0.097151,rs373437560,0.000170172,rs373437560
0.000547113,0.000183226,2.55284,0.162574,rs4098612,0.000547113,rs4098612
7.68862e-05,0.000142039,0.229148,0.122842,rs6605064,7.68862e-05,rs6605064
-0.000176717,0.000162731,0.568636,0.400395,rs2462492,-0.000176717,rs2462492
-0.000174544,0.000138509,0.677781,0.813214,rs2519043,-0.000174544,rs2519043
-0.000123681,0.000137785,0.431798,0.869583,rs3131954,-0.000123681,rs3131954
0.000148238,0.000159889,0.443698,0.099538,rs28483835,0.000148238,rs28483835
-0.000389501,0.000333213,0.60206,0.050675,rs147538909,-0.000389501,rs147538909
2.35385e-05,0.000231433,0.0315171,0.104745,rs74806191,2.35385e-05,rs74806191
-0.000158506,0.000239132,0.30103,0.084293,rs146067153,-0.000158506,rs146067153
0.000108586,0.000258524,0.161151,0.910221,rs1165072081,0.000108586,rs1165072081
-0.000119922,0.000137396,0.420216,0.869089,rs1557551770,-0.000119922,rs1557551770
0.000313303,0.000339684,0.443698,0.961472,rs3871807,0.000313303,rs3871807
-0.000283168,0.000166086,1.05061,0.275123,rs1316988498,-0.000283168,rs1316988498
-0.000140055,0.000277762,0.207608,0.075699,rs375595668,-0.000140055,rs375595668
0.000341811,0.000446823,0.356547,0.985264,rs1235438280,0.000341811,rs1235438280
0.000109803,0.000131863,0.387216,0.696837,rs4399101,0.000109803,rs4399101
0.00194787,0.000665618,2.45593,0.005076,rs188466450,0.00194787,rs188466450
2.21373e-05,0.000288587,0.0222764,0.064625,rs78732431,2.21373e-05,rs78732431
-0.000122285,0.000163724,0.337242,0.275258,rs1299430437,-0.000122285,rs1299430437
0.000173733,0.000344734,0.21467,0.020788,rs190575917,0.000173733,rs190575917
-0.00096351,0.0013275,0.337242,0.001278,rs544157053,-0.00096351,rs544157053
7.88505e-05,0.000145034,0.229148,0.302267,rs528746615,7.88505e-05,rs528746615
-0.000174569,0.000123347,0.79588,0.56721,rs1236558166,-0.000174569,rs1236558166
0.000609756,0.000589123,0.522879,0.006835,rs80134645,0.000609756,rs80134645
7.79293e-05,0.00021288,0.148742,0.136627,rs78032279,7.79293e-05,rs78032279
-5.00883e-05,0.000198362,0.091515,0.156897,rs546169444,-5.00883e-05,rs546169444
9.90251e-05,0.000162295,0.267606,0.135346,rs371628865,9.90251e-05,rs371628865
0.000119509,0.00016552,0.327902,0.117539,rs201942322,0.000119509,rs201942322
-0.000123234,0.000137628,0.431798,0.869399,rs1280367067,-0.000123234,rs1280367067
2.27981e-05,0.000211536,0.0409586,0.137616,rs76167418,2.27981e-05,rs76167418
-0.000143131,0.000317136,0.180456,0.05635,rs144425991,-0.000143131,rs144425991
4.98383e-05,0.000320181,0.05061,0.028017,rs753849455,4.98383e-05,rs753849455
0.000317115,0.000326959,0.481486,0.023256,rs149168804,0.000317115,rs149168804
-0.000142597,0.000128778,0.568636,0.838654,rs3131966,-0.000142597,rs3131966
-4.00993e-05,0.000708835,0.0177288,0.005088,rs1242318281,-4.00993e-05,rs1242318281
-0.000396073,0.000315876,0.677781,0.074507,rs8179466,-0.000396073,rs8179466
0.000899744,0.000524,1.06048,0.008906,rs184031231,0.000899744,rs184031231
-0.000147136,0.000102334,0.823909,0.705388,rs4970385,-0.000147136,rs4970385
-0.000145434,0.00010233,0.79588,0.705433,rs9697642,-0.000145434,rs9697642
-0.000490269,0.000328227,0.853872,0.051191,rs1392338005,-0.000490269,rs1392338005
2.73147e-05,0.000248488,0.0315171,0.037582,rs12184325,2.73147e-05,rs12184325
4.16843e-05,0.000250067,0.0555173,0.037339,rs12184312,4.16843e-05,rs12184312
-3.22409e-05,0.000401986,0.0315171,0.035873,rs1464070051,-3.22409e-05,rs1464070051
-1.62897e-05,0.000310998,0.0132283,0.023032,rs9697294,-1.62897e-05,rs9697294
-3.22409e-05,0.000401986,0.0315171,0.035873,rs1464070051,-3.22409e-05,rs1464070051
